"Bug ID","Product","Component","Assignee","Status","Resolution","Summary","Changed"
425594,"Papyrus","Core","mdt-papyrus-inbox","UNCONFIRMED"," ---","Extern property with package visibility incorrectly initialized by default class constructor with default value","2014-06-30 19:58:15"
426360,"Papyrus","Core","mdt-papyrus-inbox","UNCONFIRMED"," ---","[Model Explorer] Backporting model explorer revealer code","2014-01-27 05:36:53"
430244,"Papyrus","Core","mdt-papyrus-inbox","UNCONFIRMED"," ---","Hangs when exporting pdf to networked drive","2014-03-13 03:11:39"
431008,"Papyrus","Core","mdt-papyrus-inbox","UNCONFIRMED"," ---","[Usability] There are two different ways to load additional models which are called completely different things","2014-03-25 08:59:48"
432954,"Papyrus","Core","mdt-papyrus-inbox","UNCONFIRMED"," ---","[Profiles] updating profile does not trigger re-apply if Profile URI has a user defined value","2017-08-07 10:50:24"
437737,"Papyrus","Core","mdt-papyrus-inbox","UNCONFIRMED"," ---","Link new model as sub-model into existing model","2014-06-19 06:56:09"
438596,"Papyrus","Core","mdt-papyrus-inbox","UNCONFIRMED"," ---","Package import fails due to illegalValueException on association nodes","2014-11-28 05:57:37"
456429,"Papyrus","Core","mdt-papyrus-inbox","UNCONFIRMED"," ---","[UMLPropertiesView] Can't set default value for a literal","2017-08-07 09:25:01"
457702,"Papyrus","Core","mdt-papyrus-inbox","UNCONFIRMED"," ---","[Releng][General][Xtext] integrate the mwe2 workflow and xtend generation at the build phase for the plugin org.eclipse.papyrus.infra.gmfdiag.css.xtext","2018-03-02 03:43:32"
459170,"Papyrus","Core","mdt-papyrus-inbox","UNCONFIRMED"," ---","Renaming a model causes random files to be created","2015-03-02 10:45:04"
459772,"Papyrus","Core","mdt-papyrus-inbox","UNCONFIRMED"," ---","[naming convention]: add the management of overwrite for Advice","2015-02-12 08:17:26"
459773,"Papyrus","Core","mdt-papyrus-inbox","UNCONFIRMED"," ---","[naming convention]: add the management of after/before feature in respect of overwrite patterns","2015-02-12 08:19:49"
459776,"Papyrus","Core","mdt-papyrus-inbox","UNCONFIRMED"," ---","[naming convention]: modify SetValuesAdviceConfiguration.ecore to add a specilation of for QueryExecutionValue","2015-02-12 08:24:17"
460235,"Papyrus","Core","mdt-papyrus-inbox","UNCONFIRMED"," ---","ModelSet.addResourceLoadStateListener throws NPE","2015-02-18 07:52:17"
461831,"Papyrus","Core","mdt-papyrus-inbox","UNCONFIRMED"," ---","Dependence not declared between ""org.eclipse.papyrus.infra.emf"" and ""org.eclipse.papyrus.infra.services.edit""","2015-03-10 10:46:17"
462223,"Papyrus","Core","mdt-papyrus-inbox","UNCONFIRMED"," ---","Keep selection in model explorer when toggling between simple and advanced modes","2015-03-16 08:23:31"
462685,"Papyrus","Core","mdt-papyrus-inbox","UNCONFIRMED"," ---","ValidateModelCommand stuck in infinite for-loop (sometimes)","2015-03-20 09:43:12"
462791,"Papyrus","Core","mdt-papyrus-inbox","UNCONFIRMED"," ---","[Profiles][UMLPropertiesView] Provide ability to unset optional tagged values.","2017-08-07 10:46:51"
463637,"Papyrus","Core","mdt-papyrus-inbox","UNCONFIRMED"," ---","[Performances] Performance is worse than ever in SR2","2017-08-07 09:37:06"
465645,"Papyrus","Core","mdt-papyrus-inbox","UNCONFIRMED"," ---","[ALF] Syntax tree issue when doing this.listclassmember.add","2015-04-28 03:29:16"
467185,"Papyrus","Core","mdt-papyrus-inbox","UNCONFIRMED"," ---","Cleaning of org.eclipse.papyrus.infra.core when deleting project/model in the workspace","2015-05-14 07:24:05"
468274,"Papyrus","Core","mdt-papyrus-inbox","UNCONFIRMED"," ---","Exporting a team project set file requires remote URL to be configured","2015-05-26 08:00:29"
469326,"Papyrus","Core","mdt-papyrus-inbox","UNCONFIRMED"," ---","[Extended-types framework] Cannot create extended relationships having a constraining container descriptor","2016-11-16 15:37:18"
469430,"Papyrus","Core","mdt-papyrus-inbox","UNCONFIRMED"," ---","Add a EMF only mode to Papyrus","2015-06-04 20:57:59"
469431,"Papyrus","Core","mdt-papyrus-inbox","UNCONFIRMED"," ---","Add use of EMF Java Code generator","2015-11-18 09:26:37"
471102,"Papyrus","Core","mdt-papyrus-inbox","UNCONFIRMED"," ---","[ALF] Runtime exception while accessing Preferences->Embedded Editors->Common","2017-08-02 12:42:18"
471536,"Papyrus","Core","mdt-papyrus-inbox","UNCONFIRMED"," ---","[refactoring]: find namedelement by qualified name","2015-07-02 08:39:16"
472243,"Papyrus","Core","mdt-papyrus-inbox","UNCONFIRMED"," ---","[OCL] SyntaxException in OCLUtil.checkForErrors (350)","2017-08-02 13:11:35"
472920,"Papyrus","Core","mdt-papyrus-inbox","UNCONFIRMED"," ---","[UML - Tools] Improve programmatic import of Primitive Types","2015-07-17 04:27:03"
473648,"Papyrus","Core","mdt-papyrus-inbox","UNCONFIRMED"," ---","NullPointerException in AbstractEMFOperation.rollback (630)","2015-08-26 17:18:49"
474012,"Papyrus","Core","mdt-papyrus-inbox","UNCONFIRMED"," ---","[StateMachineDiagram] NPE in apply stereotype post action for regions and nested states in new regions","2017-08-02 11:41:28"
478070,"Papyrus","Core","mdt-papyrus-inbox","UNCONFIRMED"," ---","[Build] Update the values of the required java version","2017-09-01 05:47:26"
478432,"Papyrus","Core","mdt-papyrus-inbox","UNCONFIRMED"," ---","[Model Explorer] Slow Response on ""New Diagram"" & ""New Table"" options of contextual menu","2015-09-30 05:02:00"
479195,"Papyrus","Core","mdt-papyrus-inbox","UNCONFIRMED"," ---","Add a ""Where used"" Context Menu in both Diagrams and Model Explorer","2016-03-04 11:35:39"
481204,"Papyrus","Core","mdt-papyrus-inbox","UNCONFIRMED"," ---","Add a context menu for zoom fit whole diagram to the view window","2015-11-01 20:38:50"
481205,"Papyrus","Core","mdt-papyrus-inbox","UNCONFIRMED"," ---","[CommonDiagram] Remove disabled functions from the Palette","2017-08-03 05:24:38"
481822,"Papyrus","Core","mdt-papyrus-inbox","UNCONFIRMED"," ---","[CDO] org.eclipse.papyrus.cdo.core has dependencies to UI-plugins","2015-11-10 05:56:59"
481833,"Papyrus","Core","mdt-papyrus-inbox","UNCONFIRMED"," ---","[ModelEditor] Loading a Sash-Model with any properties of type JavaObject fails","2017-08-07 08:40:56"
484171,"Papyrus","Core","mdt-papyrus-inbox","UNCONFIRMED"," ---","Unable to open the model after model change","2015-12-11 04:34:01"
487026,"Papyrus","Core","mdt-papyrus-inbox","UNCONFIRMED"," ---","IPapyrusListener / org.eclipse.papyrus.infra.core.modelListener not notified by di or notation model","2016-02-02 11:43:03"
487489,"Papyrus","Core","mdt-papyrus-inbox","UNCONFIRMED"," ---","[Model Explorer] [Facet] Dependency relationships in Model Explorer should be nested to aid readability (Simple UML Facet)","2020-04-09 09:56:03"
487815,"Papyrus","Core","mdt-papyrus-inbox","UNCONFIRMED"," ---","[releng] new pom architecture","2018-06-01 08:27:11"
488457,"Papyrus","Core","mdt-papyrus-inbox","UNCONFIRMED"," ---","[Feature] Transfer values when changing stereotypeapplication within same inheritance hierarchy","2016-02-25 07:27:05"
489506,"Papyrus","Core","mdt-papyrus-inbox","UNCONFIRMED"," ---","[UMLValidation] Application of Stereotype having multiple extensions with isRequired=true fails validation","2017-08-02 13:21:12"
489542,"Papyrus","Core","mdt-papyrus-inbox","UNCONFIRMED"," ---","RuntimeException below PackageExplorerContentProvider$4.run","2016-03-14 09:32:23"
489701,"Papyrus","Core","mdt-papyrus-inbox","UNCONFIRMED"," ---","[ProfileDiagram][UMLValidation] Validation for wrong extension multiplicity","2018-09-14 07:17:05"
490568,"Papyrus","Core","mdt-papyrus-inbox","UNCONFIRMED"," ---","[developer] problem of compilation of oep.def promotion of developer features","2016-04-07 07:24:59"
492126,"Papyrus","Core","mdt-papyrus-inbox","UNCONFIRMED"," ---","[CDO] Papyrus IModel.save() should offer possibility to pass in an IProgressMonitor","2016-05-04 17:29:22"
493344,"Papyrus","Core","mdt-papyrus-inbox","UNCONFIRMED"," ---","[Profiles] Problem with stereotype property (tagged value) from imported package","2017-09-27 09:21:28"
493417,"Papyrus","Core","mdt-papyrus-inbox","UNCONFIRMED"," ---","[ALL DIAGRAMS] Missing check on the thread UI before executing property changes","2016-05-11 08:05:18"
496169,"Papyrus","Core","mdt-papyrus-inbox","UNCONFIRMED"," ---","Cannot reorient the endpoint of a Dependency not owned by a package.","2016-06-15 08:06:22"
506054,"Papyrus","Core","mdt-papyrus-inbox","UNCONFIRMED"," ---","ClassCastException in PapyrusContentProvider$2.run","2016-10-17 04:31:01"
506413,"Papyrus","Core","mdt-papyrus-inbox","UNCONFIRMED"," ---","NullPointerException below DelegatingObservable.fireEvent (thrown in DecoratingObservableValue.setValue)","2017-06-20 10:16:12"
506750,"Papyrus","Core","mdt-papyrus-inbox","UNCONFIRMED"," ---","NamedElement element names shall be configurable","2016-11-15 04:33:48"
507588,"Papyrus","Core","mdt-papyrus-inbox","UNCONFIRMED"," ---","[Usability][Workbench] refactor the Papyrus menus and popups","2017-08-07 09:02:58"
509201,"Papyrus","Core","mdt-papyrus-inbox","UNCONFIRMED"," ---","[papyrus] [releng] The jarsigner dependency should only be resolved when the profile is activated","2016-12-14 03:55:34"
509398,"Papyrus","Core","mdt-papyrus-inbox","UNCONFIRMED"," ---","[Palettes] Custom Palette - could not find entry createCombinedFragmentTool","2017-08-03 05:16:42"
509437,"Papyrus","Core","mdt-papyrus-inbox","UNCONFIRMED"," ---","[UMLPropertiesView] NPE in property dialog for setting stereotype's attributes","2017-08-07 10:38:07"
509556,"Papyrus","Core","mdt-papyrus-inbox","UNCONFIRMED"," ---","[OCL] OCL Console statement w/ select( oclIsKindOf(xx) ) causes NPE and UnsupportedOperationException if Package contains Enumeration elements.","2017-08-02 13:11:18"
509906,"Papyrus","Core","mdt-papyrus-inbox","UNCONFIRMED"," ---","[quality]PAGE_LIST is deprecated","2017-01-04 03:02:07"
509957,"Papyrus","Core","mdt-papyrus-inbox","UNCONFIRMED"," ---","[NewChild][userxp] refactoring newchild menu","2017-01-05 04:07:30"
510324,"Papyrus","Core","mdt-papyrus-inbox","UNCONFIRMED"," ---","StereotypeElementListener fails to deliver undoRedoNotifications on rollback","2017-01-11 16:53:46"
510584,"Papyrus","Core","mdt-papyrus-inbox","UNCONFIRMED"," ---","[releng] problem of management in target platform","2017-01-17 09:50:26"
511305,"Papyrus","Core","mdt-papyrus-inbox","UNCONFIRMED"," ---","[Profiles] wrong default value generated in ecore model for LiteralUnlimitedNatural","2017-08-07 11:34:36"
512139,"Papyrus","Core","mdt-papyrus-inbox","UNCONFIRMED"," ---","[Profiles] Multiple Inheritance in UML Profile","2017-08-07 10:36:29"
516241,"Papyrus","Core","mdt-papyrus-inbox","UNCONFIRMED"," ---","Guava :java.lang.NoSuchMethodError","2018-06-01 09:41:17"
518948,"Papyrus","Core","mdt-papyrus-inbox","UNCONFIRMED"," ---","[Releng] RCP installation experience","2018-06-04 05:03:02"
520678,"Papyrus","Core","mdt-papyrus-inbox","UNCONFIRMED"," ---","[releng] no reason to have a link on a maven repo on HIPP","2017-08-08 07:58:23"
521273,"Papyrus","Core","mdt-papyrus-inbox","UNCONFIRMED"," ---","[Internationalization] NPE in InternationalizationModelResource.createModel at line 466","2017-10-22 12:47:54"
521474,"Papyrus","Core","mdt-papyrus-inbox","UNCONFIRMED"," ---","[userxp] refactor the menu of Sash Windows Editor","2017-08-28 10:36:42"
521478,"Papyrus","Core","mdt-papyrus-inbox","UNCONFIRMED"," ---","[xp] split the example feature into two one for developer and one for user","2017-08-28 11:01:26"
521981,"Papyrus","Core","mdt-papyrus-inbox","UNCONFIRMED"," ---","[releng] pom naming and version convention","2017-09-07 05:25:44"
522145,"Papyrus","Core","mdt-papyrus-inbox","UNCONFIRMED"," ---","[General] use project specific preferences to enhance code quality","2017-09-18 08:10:18"
522280,"Papyrus","Core","mdt-papyrus-inbox","UNCONFIRMED"," ---","ComponentRealization are incorrectly stored in supplier component","2017-09-14 06:11:09"
526853,"Papyrus","Core","mdt-papyrus-inbox","UNCONFIRMED"," ---","package import always imports all packages of a model","2017-11-08 12:27:40"
527204,"Papyrus","Core","mdt-papyrus-inbox","UNCONFIRMED"," ---","[Profile] creation of function to generate a class to manage QualifiedNames of given an input Profile","2017-11-13 10:01:21"
528142,"Papyrus","Core","mdt-papyrus-inbox","UNCONFIRMED"," ---","Weird references for local profiles applied via the New Papayrus Model wizard","2017-12-05 04:57:38"
529364,"Papyrus","Core","mdt-papyrus-inbox","UNCONFIRMED"," ---","Color attributes for Richtext not working on OSX","2018-01-03 05:07:23"
529478,"Papyrus","Core","mdt-papyrus-inbox","UNCONFIRMED"," ---","[State Machine Diagram] Diagram update","2018-01-06 11:37:21"
530946,"Papyrus","Core","mdt-papyrus-inbox","UNCONFIRMED"," ---","[Property View] Setting multiplicity lower bound - strange update behavior in the Model Explorer","2018-02-09 10:15:15"
532064,"Papyrus","Core","mdt-papyrus-inbox","UNCONFIRMED"," ---","[AFViewpoints] Bad architecture context on sub-model when using control mode","2018-05-04 05:26:49"
532103,"Papyrus","Core","mdt-papyrus-inbox","UNCONFIRMED"," ---","[CopyPaste] Erroneous copy of association when copying a package","2018-03-07 05:21:50"
532168,"Papyrus","Core","mdt-papyrus-inbox","UNCONFIRMED"," ---","ControlledResourceTracker throws NPE upon Rollback","2018-03-08 07:54:03"
532323,"Papyrus","Core","mdt-papyrus-inbox","UNCONFIRMED"," ---","ShardResourceHelper throws NPE","2018-03-12 07:49:30"
532915,"Papyrus","Core","mdt-papyrus-inbox","UNCONFIRMED"," ---","DSL/DSML customization","2018-03-29 14:38:36"
533321,"Papyrus","Core","mdt-papyrus-inbox","UNCONFIRMED"," ---","Comment editor does not scale vertically","2018-04-06 11:20:28"
534251,"Papyrus","Core","mdt-papyrus-inbox","UNCONFIRMED"," ---","Import package from user model fails for some of the available model loading strategies","2018-05-03 02:25:02"
534291,"Papyrus","Core","mdt-papyrus-inbox","UNCONFIRMED"," ---","Notifications after an element in a submodel has been manually loaded is sent before the loaded element has been completely resolved","2018-05-03 01:32:37"
536406,"Papyrus","Core","mdt-papyrus-inbox","UNCONFIRMED"," ---","I had requested update just after I started Papyrus. Papyrus showed that would have been updated, I confirmed and it failed at about 35%","2018-06-28 11:22:41"
536964,"Papyrus","Core","mdt-papyrus-inbox","UNCONFIRMED"," ---","Several issues for sequence diagram in Papyrus 4.0","2018-07-12 10:04:46"
536966,"Papyrus","Core","mdt-papyrus-inbox","UNCONFIRMED"," ---","Remove menu choices for viewpoints ""Software Analysis / Design"" from new project menu","2018-07-12 09:57:20"
537734,"Papyrus","Core","mdt-papyrus-inbox","UNCONFIRMED"," ---","update does not find repositories","2018-08-07 03:18:11"
537736,"Papyrus","Core","mdt-papyrus-inbox","UNCONFIRMED"," ---","insufficient validation of multiplicity property field","2018-08-06 14:49:39"
538964,"Papyrus","Core","mdt-papyrus-inbox","UNCONFIRMED"," ---","ModelExplorer Activator throws IllegalThreadException","2018-09-12 02:28:04"
539325,"Papyrus","Core","mdt-papyrus-inbox","UNCONFIRMED"," ---","[Profile] Profile migration does not occur for profile applications on models within a component","2018-09-21 08:02:25"
541749,"Papyrus","Core","mdt-papyrus-inbox","UNCONFIRMED"," ---","[Diagram] The grid can not be displayed on Linux","2018-11-30 09:33:03"
542692,"Papyrus","Core","mdt-papyrus-inbox","UNCONFIRMED"," ---","New Papyrus Model with an existing model deletes the model","2018-12-12 00:07:42"
544596,"Papyrus","Core","mdt-papyrus-inbox","UNCONFIRMED"," ---","[CSS] The css api should be refactored to allow implementation for other views","2019-02-20 04:09:12"
545885,"Papyrus","Core","mdt-papyrus-inbox","UNCONFIRMED"," ---","[Any Diagram] Use of quick link handle causes Papyrus stop responding for >30 sec","2019-04-30 15:55:20"
547223,"Papyrus","Core","mdt-papyrus-inbox","UNCONFIRMED"," ---","org.eclipse.swt.SWTException: Return value not valid (g_object_get_qdata)","2019-05-13 09:29:06"
549026,"Papyrus","Core","mdt-papyrus-inbox","UNCONFIRMED"," ---","Applying <Const> to create a T const* in C++ always yields const T*","2019-07-06 14:12:14"
549877,"Papyrus","Core","mdt-papyrus-inbox","UNCONFIRMED"," ---","[Links] We should be able to link an element name string and an UML element in text field","2020-05-13 06:51:22"
553618,"Papyrus","Core","mdt-papyrus-inbox","UNCONFIRMED"," ---","[SequenceDiagram] Double click on InteractionUse launch an exception","2021-03-12 05:09:57"
568374,"Papyrus","Core","mdt-papyrus-inbox","UNCONFIRMED"," ---","F2 shortcut should trigger EditHelperAdvice methods","2021-02-25 09:10:34"
570771,"Papyrus","Core","mdt-papyrus-inbox","UNCONFIRMED"," ---","Papyrus framework does not call the validation callbacks of a Java static profile","2021-01-29 21:27:33"
570772,"Papyrus","Core","mdt-papyrus-inbox","UNCONFIRMED"," ---","Papyrus profile exception when simply clicking on property with single UML::Integer type","2021-02-26 01:03:51"
462337,"Papyrus","Core","mdt-papyrus-inbox","NEW"," ---","[Profiles] Introduce a generic mechanism to tag stereotypes that shall not be possible to apply manually","2017-09-08 09:44:12"
485220,"Papyrus","Core","mdt-papyrus-inbox","NEW"," ---","[General][Releng] Provide a more modular architecture (& builds) for Papyrus","2017-08-07 08:59:02"
541027,"Papyrus","Core","aurelien.didier","NEW"," ---","[Remove deprecated][Refactoring] remove duplicated and deprecated classes in org.eclipse.papyrus.infra.gmfdiag.tooling.runtime","2020-12-10 08:23:32"
268779,"Papyrus","Core","mdt-papyrus-inbox","NEW"," ---","[ModelEditor] Papyrus shall allow to automatically Close tools of unselected diagrams","2019-02-08 04:05:44"
285833,"Papyrus","Core","mdt-papyrus-inbox","NEW"," ---","[ModelEditor] Adding tools in order to connect an editor to the Papyrus environment","2018-12-21 04:07:59"
290937,"Papyrus","Core","mdt-papyrus-inbox","NEW"," ---","[CDO] Papyrus shall support CDO for persisting more scalable models","2017-09-08 09:59:43"
290939,"Papyrus","Core","mdt-papyrus-inbox","NEW"," ---","Investigate use of RESTful resources API from e4","2017-09-08 09:55:37"
290941,"Papyrus","Core","mdt-papyrus-inbox","NEW"," ---","Investigate support for EMF binary resource implementation","2017-09-08 09:57:49"
290943,"Papyrus","Core","mdt-papyrus-inbox","NEW"," ---","[Usability] Papyus shall investigate introduction of custom widgets to improve its usability.","2017-09-08 09:51:22"
293145,"Papyrus","Core","mdt-papyrus-inbox","NEW"," ---","[Validation] Support to automatically validate the model when saving","2017-09-08 09:56:32"
293767,"Papyrus","Core","mdt-papyrus-inbox","NEW"," ---","[General] DiResourceSet assumes the names of some resources","2017-09-08 09:44:34"
297833,"Papyrus","Core","mdt-papyrus-inbox","NEW"," ---","[All Diagrams] Bad stereotype property representation when displayed with braces","2017-09-08 09:49:26"
302555,"Papyrus","Core","mdt-papyrus-inbox","NEW"," ---","[AllDiagram][AllLinks]DragAndDrop Link after closing Papyrus","2017-09-08 09:51:31"
306808,"Papyrus","Core","mdt-papyrus-inbox","NEW"," ---","[Palettes] Bug in the setting value for properties typed by a stereotype","2017-09-08 09:58:40"
307055,"Papyrus","Core","mdt-papyrus-inbox","NEW"," ---","[GMF][CommonDiagram][Workbench] Inconsistent measures","2017-08-07 09:16:24"
307084,"Papyrus","Core","mdt-papyrus-inbox","NEW"," ---","[Workbench][Usability] Enhancements needed","2017-09-08 09:59:13"
307849,"Papyrus","Core","mdt-papyrus-inbox","NEW"," ---","[ClassDiagram] Cumbersome tree notation","2017-09-08 09:45:53"
307852,"Papyrus","Core","mdt-papyrus-inbox","NEW"," ---","[Appearance] Streamlined behavior needed","2017-09-08 09:46:46"
307870,"Papyrus","Core","mdt-papyrus-inbox","NEW"," ---","[Graphical editors] Moving the name of a node","2017-09-08 09:49:22"
307873,"Papyrus","Core","mdt-papyrus-inbox","NEW"," ---","[General diagrams] Pop-up menu limited","2017-09-08 10:00:07"
307874,"Papyrus","Core","mdt-papyrus-inbox","NEW"," ---","[Model Explorer] Quick link to diagrams","2017-09-08 09:57:14"
309647,"Papyrus","Core","mdt-papyrus-inbox","NEW"," ---","[General] It should be possible to provides predefined perspective configuration","2017-09-08 09:57:37"
311717,"Papyrus","Core","mdt-papyrus-inbox","NEW"," ---","[Core] New services should be in their own packages","2017-05-11 04:02:00"
311774,"Papyrus","Core","mdt-papyrus-inbox","NEW"," ---","[General] EObjectInheritanceCopyCommand is  duplicated.","2017-09-08 09:52:48"
313886,"Papyrus","Core","mdt-papyrus-inbox","NEW"," ---","[Usability] No warning during model opening, if imported models can not be found","2017-09-08 09:44:00"
314890,"Papyrus","Core","mdt-papyrus-inbox","NEW"," ---","[Wizard] Papyrus wizard shall allow to choose several diagram categories","2017-09-08 09:47:02"
315300,"Papyrus","Core","mdt-papyrus-inbox","NEW"," ---","[Core] Papyrus shall improved its Public API for managing model set.","2017-09-18 10:42:59"
316549,"Papyrus","Core","mdt-papyrus-inbox","NEW"," ---","[all diagrams]  add the possibility to restore connections automatically when drag and drop","2017-09-08 09:47:20"
317420,"Papyrus","Core","mdt-papyrus-inbox","NEW"," ---","[All Diagrams] Not possible to change the font and size of the text in the comment element","2017-09-08 09:56:02"
318606,"Papyrus","Core","mdt-papyrus-inbox","NEW"," ---","[ClassDiagram][Properties View] No simple way to add parameters or comments to an operation","2017-09-08 09:45:48"
319956,"Papyrus","Core","mdt-papyrus-inbox","NEW"," ---","[Palettes] Problem when adding applied stereotype in an aspect action","2017-08-03 05:18:34"
320892,"Papyrus","Core","mdt-papyrus-inbox","NEW"," ---","[Wizard] Usability improvement for Model / Project creation wizards","2017-09-08 09:43:48"
320914,"Papyrus","Core","mdt-papyrus-inbox","NEW"," ---","[Palettes][UMLTypes][CommonDiagram] Improve homogeneity in element creation dialog","2017-09-08 09:43:37"
320997,"Papyrus","Core","mdt-papyrus-inbox","NEW"," ---","[All Diagrams][All links] Diagram becomes inconsistent when we retarget a link which is many times on the diagram","2017-09-08 09:45:47"
321339,"Papyrus","Core","mdt-papyrus-inbox","NEW"," ---","[All Diagrams] Problem with renaming a project when a diagram is open","2017-09-08 09:57:36"
321731,"Papyrus","Core","mdt-papyrus-inbox","NEW"," ---","[DiaGen] Replace relative paths in *.gmfgen with platform:/plugin uris","2017-09-08 09:49:04"
324090,"Papyrus","Core","mdt-papyrus-inbox","NEW"," ---","[Usability] Pulldown Toolbar should be able to execute the last action","2017-09-08 09:52:13"
324307,"Papyrus","Core","mdt-papyrus-inbox","NEW"," ---","[CompositeDiagram] DnD of a delegation connector from model explorer is visually wrong placed if it connects an inherited port","2017-08-02 11:39:31"
324953,"Papyrus","Core","mdt-papyrus-inbox","NEW"," ---","[Abstract User Interface Editor] Papyrus shall provide an editor of Abstract User Interface.","2017-09-08 09:51:18"
325014,"Papyrus","Core","mdt-papyrus-inbox","NEW"," ---","[UMLTypes] Add IElementType specialization for each kind of Pseudostate elements","2017-03-07 11:37:04"
328002,"Papyrus","Core","mdt-papyrus-inbox","NEW"," ---","[TextEditors] XText integration shall use Element Edit Service for setting Attribute and References","2017-09-08 09:46:27"
328224,"Papyrus","Core","mdt-papyrus-inbox","NEW"," ---","[Properties View] Using Edit Service To Edit the properties of Element","2017-09-08 09:55:34"
328506,"Papyrus","Core","mdt-papyrus-inbox","NEW"," ---","[ElementTypes] EditHelper getDestroyDependentCommand ignored when a specific IClientContext is required","2017-08-07 11:29:47"
328557,"Papyrus","Core","mdt-papyrus-inbox","NEW"," ---","[ElementTypes] Provide move command support in ElementTypes EditHelpers","2017-03-07 11:39:21"
328810,"Papyrus","Core","mdt-papyrus-inbox","NEW"," ---","[ClassDiagram] add a xtext parser to edit template binding","2017-09-08 09:59:01"
329798,"Papyrus","Core","mdt-papyrus-inbox","NEW"," ---","[General] Cannot define different editors for the same EObject using an additional filter","2017-09-08 09:49:42"
329865,"Papyrus","Core","mdt-papyrus-inbox","NEW"," ---","[ALF] Papyrus shall provide a specific textual editor for ALF.","2017-09-12 10:21:47"
331566,"Papyrus","Core","mdt-papyrus-inbox","NEW"," ---","[All diagrams] Compartment variables shall be translateable in property files.","2017-09-08 09:46:56"
334813,"Papyrus","Core","mdt-papyrus-inbox","NEW"," ---","PB content assist for a tag typed by a TupleType","2017-09-12 10:21:50"
335951,"Papyrus","Core","mdt-papyrus-inbox","NEW"," ---","[Diagram templates]  Loading a non UML file template","2017-09-08 09:58:34"
336732,"Papyrus","Core","mdt-papyrus-inbox","NEW"," ---","[General] Provide a ""create a new diagram project"" tutorial","2017-09-08 11:41:52"
338389,"Papyrus","Core","mdt-papyrus-inbox","NEW"," ---","[UMLTypes] Add constraints on element creation","2019-02-01 08:40:24"
340862,"Papyrus","Core","mdt-papyrus-inbox","NEW"," ---","[TextEditors] Problems with popup direct edit dialog","2017-09-12 10:21:15"
341218,"Papyrus","Core","mdt-papyrus-inbox","NEW"," ---","[reverse] Papyrus shall Allow reverse of Eclipse Plugin Dependencies into UML model","2017-09-11 03:27:27"
347008,"Papyrus","Core","mdt-papyrus-inbox","NEW"," ---","[General] AbstractCommandHandler should be in org.eclipse.core","2017-09-08 09:53:34"
348542,"Papyrus","Core","mdt-papyrus-inbox","NEW"," ---","[All Diagrams] Re-target a comment or constraint link does not remove inconsistent occurrence","2017-09-08 09:47:43"
348653,"Papyrus","Core","mdt-papyrus-inbox","NEW"," ---","[Model Explorer] Some ""move"" in the model explorer should be forbidden","2017-09-08 09:53:39"
348736,"Papyrus","Core","mdt-papyrus-inbox","NEW"," ---","[Usability] bad location for cmd ""Select elements with same type""","2018-06-01 09:11:23"
348859,"Papyrus","Core","mdt-papyrus-inbox","NEW"," ---","[General]When creating a diagram, suggest the same name as the container","2016-10-24 03:54:11"
350589,"Papyrus","Core","mdt-papyrus-inbox","NEW"," ---","[ModelEditor] TabContent preview should be parameterizable from Preferences","2017-09-08 11:41:58"
351180,"Papyrus","Core","mdt-papyrus-inbox","NEW"," ---","Extremely timely parsing of parenthesized expressions","2017-09-12 10:21:37"
351615,"Papyrus","Core","mdt-papyrus-inbox","NEW"," ---","[drag and drop] Drag and drop from model to diagram should consider child elements.","2017-09-08 09:47:53"
351674,"Papyrus","Core","mdt-papyrus-inbox","NEW"," ---","[CompositeDiagram] Can't show the label of a Port after hiding it","2017-08-31 10:03:59"
351701,"Papyrus","Core","mdt-papyrus-inbox","NEW"," ---","[ClassDiagram] Default Preferences are not correctly set","2017-09-08 09:43:24"
351795,"Papyrus","Core","mdt-papyrus-inbox","NEW"," ---","[ElementTypes][UMLTypes] getCommandResult returns null","2017-09-08 09:59:10"
351866,"Papyrus","Core","mdt-papyrus-inbox","NEW"," ---","[ActivityDiagram]Add an option to create diagram with CallBehaviorAction","2013-07-12 06:38:10"
353133,"Papyrus","Core","mdt-papyrus-inbox","NEW"," ---","[CommonDiagram] Global preferences are shown in diagram pages (like diagram specific preferences)","2017-09-08 09:44:05"
354211,"Papyrus","Core","mdt-papyrus-inbox","NEW"," ---","[print] creation of user defined print format does not work","2017-09-08 09:45:11"
354998,"Papyrus","Core","mdt-papyrus-inbox","NEW"," ---","Plugins loaded at startup","2017-09-08 09:56:55"
355462,"Papyrus","Core","mdt-papyrus-inbox","NEW"," ---","[model abstraction] all team commands should be available for eGIT","2017-09-08 09:57:07"
355517,"Papyrus","Core","mdt-papyrus-inbox","NEW"," ---","[Model Explorer] Move by D&D and Paste commands should be allowed when an appropriate containment link is targeted in the model explorer","2017-09-08 09:50:49"
356924,"Papyrus","Core","mdt-papyrus-inbox","NEW"," ---","[UMLPropertiesView] Type editor in property pages not updated after undo/redo of type rename action","2017-09-08 09:48:53"
357358,"Papyrus","Core","mdt-papyrus-inbox","NEW"," ---","Bad algorithm within HierarchicViewerFilter","2017-09-08 09:59:50"
357827,"Papyrus","Core","mdt-papyrus-inbox","NEW"," ---","[General] CommandWrappers classes are duplicated all over various plugins","2017-09-08 09:57:56"
358077,"Papyrus","Core","mdt-papyrus-inbox","NEW"," ---","[UMLPropertiesView][Usability] The UML property view should be improved for usability concerns","2017-09-08 09:55:46"
358800,"Papyrus","Core","mdt-papyrus-inbox","NEW"," ---","[ControlMode] file name lost when using ""browse"" on control wizard","2017-03-13 08:12:05"
360829,"Papyrus","Core","mdt-papyrus-inbox","NEW"," ---","[Enhancement] [All Diagram][Arrange All] The action Arrange All turns inside out the model","2017-09-08 09:52:58"
361361,"Papyrus","Core","mdt-papyrus-inbox","NEW"," ---","[StateMachineDiagram] Xtext transition editor only supports natural language","2017-09-12 10:21:10"
362194,"Papyrus","Core","mdt-papyrus-inbox","NEW"," ---","[SequenceDiagram] OccurrenceSpecification should have an optional stereotypable notation","2017-08-18 12:25:42"
362974,"Papyrus","Core","mdt-papyrus-inbox","NEW"," ---","[All Diagrams] Opening the ""custom"" color dialog box in the appearance tab will cause Windows to switch to another application (the dialog opens in the background).","2017-09-08 09:55:06"
363099,"Papyrus","Core","mdt-papyrus-inbox","NEW"," ---","[ClassDiagram]  issues with changing association class ends","2017-09-08 09:47:28"
363147,"Papyrus","Core","mdt-papyrus-inbox","NEW"," ---","[General] Delete from diagram menu disappear in non-papyrus graphical editors","2017-09-08 09:44:57"
364062,"Papyrus","Core","mdt-papyrus-inbox","NEW"," ---","[UMLPropertiesView] Multiplicity parser should not be restricted to only integer literals","2017-09-08 09:53:07"
364586,"Papyrus","Core","mdt-papyrus-inbox","NEW"," ---","[UMLPropertiesView] There should be a better support for editing UML Datatype instances","2017-09-08 09:52:57"
365323,"Papyrus","Core","mdt-papyrus-inbox","NEW"," ---","[Appearance] Truncated text in combo boxes","2017-09-08 09:57:04"
365696,"Papyrus","Core","mdt-papyrus-inbox","NEW"," ---","property disappear","2017-09-08 09:58:26"
365881,"Papyrus","Core","mdt-papyrus-inbox","NEW"," ---","[All Diagrams] Display of ports does not contain the display for required/provided interfaces from type","2017-09-08 09:52:40"
365889,"Papyrus","Core","mdt-papyrus-inbox","NEW"," ---","[ActivityDiagram] The deletion of a StructuredActivityNode not delete edges incoming or outgoing the region.","2017-08-02 11:37:21"
365891,"Papyrus","Core","mdt-papyrus-inbox","NEW"," ---","[General] Close/open diagram shall opened the lasted tab opened","2017-09-08 09:49:33"
365896,"Papyrus","Core","mdt-papyrus-inbox","NEW"," ---","[ClassDiagram] Improvement of template parameter creation","2017-08-02 11:40:12"
366159,"Papyrus","Core","mdt-papyrus-inbox","NEW"," ---","[ActivityDiagram] Activity Diagram should be able to handle correctly Interruptible Edge","2017-05-11 04:10:54"
366406,"Papyrus","Core","mdt-papyrus-inbox","NEW"," ---","Dependency client and supplier attributes should be editable in UML section of the property view","2017-09-08 09:49:55"
366944,"Papyrus","Core","mdt-papyrus-inbox","NEW"," ---","[ActivityDiagram] Synchronization of pins prevents to create ActionInputPin or ValuePin","2017-08-02 11:41:31"
367279,"Papyrus","Core","mdt-papyrus-inbox","NEW"," ---","[ActivityDiagram] Activity Diagram should be able to handle correctly Exception Handler element","2017-08-02 11:37:40"
367652,"Papyrus","Core","mdt-papyrus-inbox","NEW"," ---","[ComponentDiagram][ClassDiagram] instance specifications slots - restrict features to classifiers","2017-09-08 09:50:12"
367653,"Papyrus","Core","mdt-papyrus-inbox","NEW"," ---","[ComponentDiagram][ClassDiagram] instance slots - restrict instance values to feature classifiers","2017-09-08 09:44:35"
368932,"Papyrus","Core","mdt-papyrus-inbox","NEW"," ---","[ActivitiyDiagram] Prevent Compartment of Activity group to be selected","2017-05-11 04:10:40"
369815,"Papyrus","Core","mdt-papyrus-inbox","NEW"," ---","[ControlMode] Parameters deletion on Controled Models doesn't work","2017-03-13 08:11:02"
370817,"Papyrus","Core","mdt-papyrus-inbox","NEW"," ---","[Profiles][Exports] When exporting a Model, we should also package the local profiles","2017-09-08 09:46:04"
370818,"Papyrus","Core","mdt-papyrus-inbox","NEW"," ---","[UML - Import] It should be possible to import models by copy","2017-09-08 09:44:17"
371043,"Papyrus","Core","mdt-papyrus-inbox","NEW"," ---","[ClassDiagram] The action Manage connector label doesn't work on AssociationBranch","2017-09-08 09:45:59"
371373,"Papyrus","Core","mdt-papyrus-inbox","NEW"," ---","[ActivityDiagram] Changing a parameter type on CallActions keep the ObjectFlow relation instead of deleting it","2019-02-04 04:10:05"
372022,"Papyrus","Core","mdt-papyrus-inbox","NEW"," ---","[Core editor] Cannot open Papyrus diagrams from an archive","2017-09-08 09:52:17"
372046,"Papyrus","Core","mdt-papyrus-inbox","NEW"," ---","[ModelSet] ModelSet should allow to have unexisting associated model.","2017-09-08 11:41:36"
373231,"Papyrus","Core","mdt-papyrus-inbox","NEW"," ---","[ActivityDiagram] delete a parameterNode should ask for parameter deletion","2017-08-02 11:39:39"
373803,"Papyrus","Core","mdt-papyrus-inbox","NEW"," ---","[GMF] DiagramsUtil.getAssociatedDiagrams should use the cross referencer","2016-09-21 05:33:51"
374784,"Papyrus","Core","mdt-papyrus-inbox","NEW"," ---","""Show/hide contents"" does not act as expected when an element is displayed more than once","2017-09-08 09:57:12"
374785,"Papyrus","Core","mdt-papyrus-inbox","NEW"," ---","[Diagrams] Bad behavior when selecting elements using the SHIFT key in compartments","2017-09-08 09:52:08"
375153,"Papyrus","Core","mdt-papyrus-inbox","NEW"," ---","[ActivityDiagram] Wizard for synchronisation suggests too much elements in the selection dialogs","2017-08-02 11:40:53"
375183,"Papyrus","Core","mdt-papyrus-inbox","NEW"," ---","[Model Explorer] Pre-process cut/copied objects before pasting","2017-09-08 09:53:23"
375310,"Papyrus","Core","mdt-papyrus-inbox","NEW"," ---","[Appearance] Label customization not properly managed with multiselection","2017-09-08 09:47:06"
375324,"Papyrus","Core","mdt-papyrus-inbox","NEW"," ---","Show/Hide compartment - Propagate selection to elements of same type doesn't work","2017-09-08 09:59:38"
375340,"Papyrus","Core","mdt-papyrus-inbox","NEW"," ---","[All diagrams] Unexpected behavior when using arrow keys to move elements","2017-09-08 09:53:38"
376065,"Papyrus","Core","mdt-papyrus-inbox","NEW"," ---","[ControlMode] Attempting to delete a controlled element does not prompt the user to take the lock","2017-03-13 08:05:07"
377106,"Papyrus","Core","mdt-papyrus-inbox","NEW"," ---","[ALF] AST generated from an assignment seems incorrect","2017-09-08 09:56:46"
384158,"Papyrus","Core","mdt-papyrus-inbox","NEW"," ---","[Workbench][General] Event loop exception when adding a trigger to a transition","2017-09-08 09:53:43"
384459,"Papyrus","Core","mdt-papyrus-inbox","NEW"," ---","[Model Explorer] Should provide a way to give priority to a customization","2017-09-01 09:16:44"
384570,"Papyrus","Core","mdt-papyrus-inbox","NEW"," ---","[CSS][Export] It should be possible to export a set of stylesheets to create a Theme plug-in","2017-09-08 09:58:07"
384571,"Papyrus","Core","mdt-papyrus-inbox","NEW"," ---","[CSS] Add new CSS selectors, to handle complex UML cases","2017-09-08 09:55:54"
385183,"Papyrus","Core","mdt-papyrus-inbox","NEW"," ---","[Enhancement] Creating attributes , operations in Class diagrams","2017-09-08 09:54:04"
386241,"Papyrus","Core","mdt-papyrus-inbox","NEW"," ---","[Model Explorer] Improve the UML ModelExplorer customization for usability","2017-09-08 09:50:58"
387526,"Papyrus","Core","mdt-papyrus-inbox","NEW"," ---","[Profiles] PapyrusVersion EAnnotation.source is unscoped","2017-09-08 09:53:11"
387871,"Papyrus","Core","mdt-papyrus-inbox","NEW"," ---","[Profiles] Fix the profile definition","2017-09-08 09:48:25"
389496,"Papyrus","Core","mdt-papyrus-inbox","NEW"," ---","[Widgets] Properties view file selectors should support extension filters","2017-09-08 09:54:24"
390144,"Papyrus","Core","mdt-papyrus-inbox","NEW"," ---","NPEs due to popup menu contributions still active on disposed editor","2017-09-08 11:41:55"
390801,"Papyrus","Core","mdt-papyrus-inbox","NEW"," ---","[UML2] Papyrus shall provide name resolution utils","2017-09-12 10:21:18"
391873,"Papyrus","Core","mdt-papyrus-inbox","NEW"," ---","[Alf] Operation editor should move from Extra plug-ins to core","2017-09-12 10:21:33"
392055,"Papyrus","Core","mdt-papyrus-inbox","NEW"," ---","[Model Explorer] displaying the full URI when an object is unreachable make it unreadable","2012-10-25 07:32:40"
392134,"Papyrus","Core","mdt-papyrus-inbox","NEW"," ---","[Alf] Read links are not supported","2017-09-12 10:21:58"
392170,"Papyrus","Core","mdt-papyrus-inbox","NEW"," ---","[Alf] Serialization of operation signature and body","2017-09-12 10:21:08"
392173,"Papyrus","Core","mdt-papyrus-inbox","NEW"," ---","[Alf] The operation editor should not allow accept statements","2017-09-12 10:21:46"
392177,"Papyrus","Core","mdt-papyrus-inbox","NEW"," ---","[Alf] Alf editor does not support template bindings","2017-09-12 10:21:19"
392178,"Papyrus","Core","mdt-papyrus-inbox","NEW"," ---","[Alf] Resolution of names","2017-09-12 10:21:54"
392184,"Papyrus","Core","mdt-papyrus-inbox","NEW"," ---","[Alf] The Alf editor forces usage of named tuples in instance creation expressions","2017-09-12 10:21:09"
392185,"Papyrus","Core","mdt-papyrus-inbox","NEW"," ---","[Alf] Not possible to use named tuples in invocation expressions","2017-09-12 10:21:16"
392186,"Papyrus","Core","mdt-papyrus-inbox","NEW"," ---","[Alf] Local variables not visible outside of the block where they are defined","2017-09-12 10:21:12"
392187,"Papyrus","Core","mdt-papyrus-inbox","NEW"," ---","[Alf] Local variable declarations in 'if' statements","2017-09-12 10:21:29"
392190,"Papyrus","Core","mdt-papyrus-inbox","NEW"," ---","[Alf] Implicit variable declarations are not supported","2017-09-12 10:21:43"
392191,"Papyrus","Core","mdt-papyrus-inbox","NEW"," ---","[Alf] Qualified names","2017-09-12 10:21:55"
392443,"Papyrus","Core","mdt-papyrus-inbox","NEW"," ---","[Usability] A key shortcut in order to ""repeat"" last action would be useful for some repeated action","2017-09-08 09:52:37"
392831,"Papyrus","Core","mdt-papyrus-inbox","NEW"," ---","[Contribution] GMF Debug View","2012-10-25 09:43:47"
394105,"Papyrus","Core","mdt-papyrus-inbox","NEW"," ---","[Profiles][Exports] Improve the profile export usability","2017-09-08 09:51:09"
394559,"Papyrus","Core","mdt-papyrus-inbox","NEW"," ---","[Profiles] stereotype icon format","2017-09-08 09:55:29"
394833,"Papyrus","Core","mdt-papyrus-inbox","NEW"," ---","[Model Management] Papyrus shall enable to re-factor out a part of a model for reuse.","2017-09-08 09:46:24"
394888,"Papyrus","Core","mdt-papyrus-inbox","NEW"," ---","[Team Working] Papyrus shall enable to define and apply automatic model control policies.","2017-03-13 08:07:14"
394911,"Papyrus","Core","mdt-papyrus-inbox","NEW"," ---","[Model Management] Lazy loading problem for a model split into parts.","2017-09-08 09:57:39"
394965,"Papyrus","Core","mdt-papyrus-inbox","NEW"," ---","[Core Services] Papyrus should provide a Service to retrieve the semantic roots of a ModelSet","2017-09-08 09:50:55"
396922,"Papyrus","Core","mdt-papyrus-inbox","NEW"," ---","[Alf] The operation editor should allow serialization even if there are errors in Alf statements","2017-09-12 10:21:44"
396945,"Papyrus","Core","mdt-papyrus-inbox","NEW"," ---","[Alf] Migration from Indigo to Juno: Regression in InstanceCreationExpression","2017-09-12 10:21:07"
397972,"Papyrus","Core","mdt-papyrus-inbox","NEW"," ---","[ClassDiagram] The comment links are not destroyed when the Comment#annotatedElement property changes","2017-09-08 09:45:05"
398712,"Papyrus","Core","mdt-papyrus-inbox","NEW"," ---","[Core] Multiple issues with the PageManager","2017-09-08 09:51:42"
399267,"Papyrus","Core","mdt-papyrus-inbox","NEW"," ---","[ClassDiagram] A Constraint cannot be graphically linked to an attribute or operation","2017-09-08 09:45:44"
399286,"Papyrus","Core","mdt-papyrus-inbox","NEW"," ---","Add a Convert to Ecore capability","2017-09-08 09:46:36"
399648,"Papyrus","Core","mdt-papyrus-inbox","NEW"," ---","[core] Sasheditor - current page selection should be managed by the Sasheditor","2017-09-08 11:41:32"
399874,"Papyrus","Core","mdt-papyrus-inbox","NEW"," ---","[Performances][Tests] Papyrus shall provide a test bench for performance evaluation","2017-09-08 09:44:45"
399875,"Papyrus","Core","mdt-papyrus-inbox","NEW"," ---","[Tools] Papyrus shall enable to launch and execute efficiently batch transformations.","2017-09-08 09:59:45"
399876,"Papyrus","Core","mdt-papyrus-inbox","NEW"," ---","[Test] Improve Papyrus test coverage","2017-09-08 09:55:38"
400082,"Papyrus","Core","mdt-papyrus-inbox","NEW"," ---","[TextEditors] Embedded Xtext editors are not Modal","2017-09-08 09:55:15"
400209,"Papyrus","Core","mdt-papyrus-inbox","NEW"," ---","[Stability]  Improve overall Papyrus stability","2017-09-08 09:52:05"
400210,"Papyrus","Core","mdt-papyrus-inbox","NEW"," ---","[Core services] Papyrus shall allow model recovery","2017-09-08 09:46:20"
400298,"Papyrus","Core","mdt-papyrus-inbox","NEW"," ---","[core] AdditionalResourcesModel should be declared as a regular model","2017-09-08 09:53:41"
402873,"Papyrus","Core","mdt-papyrus-inbox","NEW"," ---","[Core] ServiceUtilsForActionHandler is deprecated and should not be used anymore","2020-12-10 08:01:47"
403162,"Papyrus","Core","mdt-papyrus-inbox","NEW"," ---","[CompositeDiagram] Selecting the label of a connector end should result in refreshing the property view on the connector end","2017-08-31 09:23:27"
403477,"Papyrus","Core","mdt-papyrus-inbox","NEW"," ---","[Profiles] stereotype attribute value cannot be set for some attribute types","2017-09-08 09:51:03"
403582,"Papyrus","Core","mdt-papyrus-inbox","NEW"," ---","[Service Edit] Class attribute for an association remains after indirect deletion","2017-09-08 09:51:33"
403781,"Papyrus","Core","mdt-papyrus-inbox","NEW"," ---","[infra.emf] EMF Tree Diagram do not work anymore","2017-09-08 11:41:35"
403913,"Papyrus","Core","mdt-papyrus-inbox","NEW"," ---","[OpenElementService] The OpenElementService does not work with models containing special chars","2017-09-08 09:54:38"
404804,"Papyrus","Core","mdt-papyrus-inbox","NEW"," ---","UMLPackage is loaded before Papyrus is used","2017-09-08 09:53:03"
404993,"Papyrus","Core","mdt-papyrus-inbox","NEW"," ---","Inconsistent spelling of capitalized attributes","2017-09-08 09:52:23"
405573,"Papyrus","Core","mdt-papyrus-inbox","NEW"," ---","If the client of an interfaceRealization is changed (and even if the original client is restored), an exception is raised on the selection of the interfaceRealization.","2017-09-08 09:47:34"
405575,"Papyrus","Core","mdt-papyrus-inbox","NEW"," ---","""Enable Write"" action should be replaced by ""enable lock"" action for models managed in configuration","2017-09-08 09:44:06"
405592,"Papyrus","Core","mdt-papyrus-inbox","NEW"," ---","The value of stereotype attributes typed by a value specification should be displayed instead of the name","2017-09-08 09:54:52"
405615,"Papyrus","Core","mdt-papyrus-inbox","NEW"," ---","A feature equivalent to the ""transform into"" of the TOPCASED editor should be available","2017-09-08 09:45:06"
406313,"Papyrus","Core","mdt-papyrus-inbox","NEW"," ---","[Hyperlink][Table] Papyrus shall support navigation to specific Table elements (Row, Column, Cell, ..?)","2017-09-08 09:45:15"
407922,"Papyrus","Core","mdt-papyrus-inbox","NEW"," ---","[Documentation] The Papyrus UI shall be documented","2017-09-08 09:47:49"
409566,"Papyrus","Core","mdt-papyrus-inbox","NEW"," ---","[Editor] Opening a model should open referenced projects","2017-09-08 09:56:45"
409577,"Papyrus","Core","mdt-papyrus-inbox","NEW"," ---","[All Diagram Editors] Papyrus shall propose an ""Initialize Diagram"" feature","2017-09-08 09:48:17"
410688,"Papyrus","Core","mdt-papyrus-inbox","NEW"," ---","[Project Explorer] No close model option in context menu","2017-09-08 09:57:52"
413314,"Papyrus","Core","mdt-papyrus-inbox","NEW"," ---","[Wizard] New Papyrus Model Wizard asks for .di File Name which is confusing","2017-09-08 09:55:56"
413781,"Papyrus","Core","mdt-papyrus-inbox","NEW"," ---","[ActivityDiagram] Provide support for converting OpaqueAction into the different InvocationActions","2017-09-08 09:44:50"
414657,"Papyrus","Core","mdt-papyrus-inbox","NEW"," ---","[ProfileDiagram] Changes to a profile diagram cause a redefinition request","2017-09-08 09:58:02"
415377,"Papyrus","Core","mdt-papyrus-inbox","NEW"," ---","[CDO] Interactive transaction conflict resolution","2017-09-08 09:51:38"
415379,"Papyrus","Core","mdt-papyrus-inbox","NEW"," ---","[CDO] Support branches in Model Repositories view","2017-09-08 09:47:41"
415383,"Papyrus","Core","mdt-papyrus-inbox","NEW"," ---","[CDO] Server-side model validation and reporting","2017-09-08 09:54:22"
415390,"Papyrus","Core","mdt-papyrus-inbox","NEW"," ---","[CDO] User guide for working with model repositories","2017-09-08 09:45:41"
415392,"Papyrus","Core","mdt-papyrus-inbox","NEW"," ---","[CDO] Programmer's Guide for CDO integration","2017-09-08 09:43:30"
417816,"Papyrus","Core","mdt-papyrus-inbox","NEW"," ---","Support for manipulating UML association classes","2017-09-08 09:50:18"
417845,"Papyrus","Core","mdt-papyrus-inbox","NEW"," ---","[OCL] Support for calculating the (tagged) value of derived properties defined in stereotypes in a dynamic profile","2017-09-08 09:51:56"
419292,"Papyrus","Core","mdt-papyrus-inbox","NEW"," ---","Selecting a Type from the filtered lists does not expand the trees","2017-09-08 09:57:10"
420070,"Papyrus","Core","mdt-papyrus-inbox","NEW"," ---","[ALFIntegration] Papyrus shall support Alf compilation for structural modeling","2017-09-12 10:21:39"
420071,"Papyrus","Core","mdt-papyrus-inbox","NEW"," ---","[ALFIntegration] Papyrus shall support Alf model synchronization for structural modeling","2017-09-12 10:21:40"
420073,"Papyrus","Core","mdt-papyrus-inbox","NEW"," ---","[ALFIntegration] Papyrus shall provide an editor and a compiler for alf at activy level","2017-09-12 10:21:30"
427641,"Papyrus","Core","mdt-papyrus-inbox","NEW"," ---","[API] Papyrus shall provide an API definition","2017-09-08 09:44:39"
429436,"Papyrus","Core","mdt-papyrus-inbox","NEW"," ---","[CompositeDiagram] Dependency and Collaboration","2017-08-31 09:42:59"
429471,"Papyrus","Core","mdt-papyrus-inbox","NEW"," ---","[Model Management] XMI serialization is different when saving imported model","2017-09-08 09:53:45"
430863,"Papyrus","Core","mdt-papyrus-inbox","NEW"," ---","[CopyPaste] Cut & Paste does not work accross Papyrus/Eclipse instances","2017-03-13 08:32:54"
431004,"Papyrus","Core","mdt-papyrus-inbox","NEW"," ---","[Usability] Remove useless menu bar items","2017-09-08 09:53:25"
431007,"Papyrus","Core","mdt-papyrus-inbox","NEW"," ---","[Usability] Remove toolbar items","2017-09-08 09:46:50"
431326,"Papyrus","Core","mdt-papyrus-inbox","NEW"," ---","[Profiles] Deal with growing profile size","2017-09-08 09:50:35"
432253,"Papyrus","Core","mdt-papyrus-inbox","NEW"," ---","Modeled connections disappear in diagrams when ports are hidden","2017-09-08 09:58:56"
432720,"Papyrus","Core","mdt-papyrus-inbox","NEW"," ---","[OCL] OCL expressions should track refactorings","2017-09-08 09:46:09"
433506,"Papyrus","Core","mdt-papyrus-inbox","NEW"," ---","[validation] Validation does not work from the diagram","2017-09-08 09:46:33"
434128,"Papyrus","Core","mdt-papyrus-inbox","NEW"," ---","[AFViewpoints] Viewpoints mechanism need to be more bulletproof (NPE)","2018-04-08 02:40:31"
434205,"Papyrus","Core","mdt-papyrus-inbox","NEW"," ---","[Profiles] Removing profile application from parent package also removes it from its children","2019-02-08 04:45:59"
434361,"Papyrus","Core","mdt-papyrus-inbox","NEW"," ---","[Documentation] Model and Profile Migration Guide under Help","2017-09-18 10:48:43"
434564,"Papyrus","Core","mdt-papyrus-inbox","NEW"," ---","[OCL] MetaModelManagers are not re-used","2017-09-08 09:58:49"
435058,"Papyrus","Core","mdt-papyrus-inbox","NEW"," ---","[All Diagrams] Drag and Drop should be tested","2017-09-08 09:57:08"
435244,"Papyrus","Core","mdt-papyrus-inbox","NEW"," ---","[TextEditors][Workbench] Papyrus clutters Workspace preferences","2017-09-08 09:49:17"
435276,"Papyrus","Core","mdt-papyrus-inbox","NEW"," ---","[Profiles] Papyrus should not allow to apply the same stereotype twice","2018-06-01 10:15:36"
435387,"Papyrus","Core","mdt-papyrus-inbox","NEW"," ---","[ControlMode] [Save as] Di file is not always stored in the right location after ""Save as"" on controlled unit","2017-03-13 08:06:17"
436460,"Papyrus","Core","mdt-papyrus-inbox","NEW"," ---","[Model Explorer] can not add operation to a component from model explorer","2017-09-08 09:51:27"
436776,"Papyrus","Core","mdt-papyrus-inbox","NEW"," ---","[Validation] Validation errors after profile migration","2014-06-06 04:29:20"
437150,"Papyrus","Core","mdt-papyrus-inbox","NEW"," ---","[Wizard] Create new model wizard should warn of unconventional filenames","2014-06-11 09:39:33"
440443,"Papyrus","Core","mdt-papyrus-inbox","NEW"," ---","[ModelEditor] Workspace-private sash model not copied when a model copied and pasted","2017-09-08 09:47:05"
440451,"Papyrus","Core","mdt-papyrus-inbox","NEW"," ---","[Profiles][Usability] Don't prompt for profiles to apply or packages to import if only one available","2017-09-08 09:54:25"
440783,"Papyrus","Core","mdt-papyrus-inbox","NEW"," ---","Invalid use of MissingResourceException","2014-07-30 10:16:12"
441246,"Papyrus","Core","mdt-papyrus-inbox","NEW"," ---","[Tests] EditorReloadTest is conflicting with ResourceLoadingTest","2017-09-08 09:46:07"
444220,"Papyrus","Core","mdt-papyrus-inbox","NEW"," ---","[Package Import] The ""import-all"" button is confusing","2014-09-16 05:14:42"
444749,"Papyrus","Core","mdt-papyrus-inbox","NEW"," ---","[RSA] Import package from user model doesn't work","2017-08-03 04:09:07"
445650,"Papyrus","Core","mdt-papyrus-inbox","NEW"," ---","[Clean] Get rid of deprecated class IPageMngr","2017-09-08 09:52:07"
446191,"Papyrus","Core","mdt-papyrus-inbox","NEW"," ---","[ControlMode] Selecting multiple packages to be subunits fails","2017-03-13 08:05:57"
446865,"Papyrus","Core","mdt-papyrus-inbox","NEW"," ---","lowerValue and upperValue cardinality values not accessible through UI","2019-03-07 10:44:06"
452676,"Papyrus","Core","mdt-papyrus-inbox","NEW"," ---","[ProfileDiagram][OCL] Should warn user when defining profile having unnamed OCL constraints","2017-09-08 09:50:43"
454040,"Papyrus","Core","mdt-papyrus-inbox","NEW"," ---","[OCL] Track migration of Eclipse OCL to OCL 2.5 candidate support","2017-09-08 09:53:15"
454743,"Papyrus","Core","mdt-papyrus-inbox","NEW"," ---","[Usability] Creating a new Papyrus Project assumes I want to create a model","2017-09-08 09:48:19"
455198,"Papyrus","Core","mdt-papyrus-inbox","NEW"," ---","[Profiles] Profile definition action should not be invoked on save action","2017-08-07 10:47:06"
456195,"Papyrus","Core","mdt-papyrus-inbox","NEW"," ---","[TextEditors] Inefficient xtext.builder.participants","2017-09-08 09:51:28"
456779,"Papyrus","Core","mdt-papyrus-inbox","NEW"," ---","[Toolsmiths] Papyrus shall support an element type configuration generator for a profile","2017-09-08 09:52:31"
458539,"Papyrus","Core","mdt-papyrus-inbox","NEW"," ---","[naming convention]: explore a new feature for naming convention of elements","2017-12-19 08:29:45"
458905,"Papyrus","Core","mdt-papyrus-inbox","NEW"," ---","[CopyPaste] IPasteStrategy dependsOn don't gen honored","2017-03-13 08:28:40"
459165,"Papyrus","Core","mdt-papyrus-inbox","NEW"," ---","Rename on project does not update references","2017-12-19 07:49:10"
459166,"Papyrus","Core","mdt-papyrus-inbox","NEW"," ---","[ControlMode] Creating a submodel breaks references from other projects","2017-03-13 08:05:38"
459543,"Papyrus","Core","mdt-papyrus-inbox","NEW"," ---","Various classes in Papyrus use features from Java SE 1.7","2015-02-10 11:30:07"
461711,"Papyrus","Core","mdt-papyrus-inbox","NEW"," ---","Dependence not declared between ""org.eclipse.papyrus.infra.core.sasheditor"" and ""org.eclipse.papyrus.infra.gmfdiag.preferences""","2017-09-08 09:59:06"
462005,"Papyrus","Core","mdt-papyrus-inbox","NEW"," ---","Navigation to baseclass and subclass missing","2017-09-08 09:50:14"
462048,"Papyrus","Core","mdt-papyrus-inbox","NEW"," ---","CCE in ResourceServiceProviderDescriptor.get (60)","2017-09-08 09:53:56"
463218,"Papyrus","Core","mdt-papyrus-inbox","NEW"," ---","Investigate Guava Linkage errors","2017-08-25 07:18:20"
463642,"Papyrus","Core","mdt-papyrus-inbox","NEW"," ---","[Modeling Language, View, Menu] Menus and views association with modeling languages","2017-09-08 09:47:16"
464981,"Papyrus","Core","mdt-papyrus-inbox","NEW"," ---","[Workbench] Preferences shown for closed project","2017-08-07 09:12:49"
465273,"Papyrus","Core","mdt-papyrus-inbox","NEW"," ---","Model file emptied","2017-09-08 09:48:47"
467665,"Papyrus","Core","mdt-papyrus-inbox","NEW"," ---","Primitive types cannot have any ownedAttributes","2017-09-08 09:47:19"
468282,"Papyrus","Core","mdt-papyrus-inbox","NEW"," ---","[CopyPaste] paste does not copy stereotype applications","2017-07-05 13:31:10"
468898,"Papyrus","Core","mdt-papyrus-inbox","NEW"," ---","Classifier does not see behavioral features when Interface Realization is used","2017-09-08 09:58:21"
469167,"Papyrus","Core","mdt-papyrus-inbox","NEW"," ---","[Sync Service] NullPointerException in BadStateException.<init> (44)","2017-09-08 09:43:51"
469646,"Papyrus","Core","mdt-papyrus-inbox","NEW"," ---","Papyrus ignores the EValidatorRegistry","2015-06-08 13:05:16"
475940,"Papyrus","Core","mdt-papyrus-inbox","NEW"," ---","[ModelEditor] pageAboutToBeOpened, pageAboutToBeClosed implementation in IPageLifeCycleEventsListener","2017-09-08 09:58:42"
476099,"Papyrus","Core","mdt-papyrus-inbox","NEW"," ---","[Profiles] Depreciate Old Papyrus Image Eannotation mechanism","2017-08-07 10:46:20"
477368,"Papyrus","Core","mdt-papyrus-inbox","NEW"," ---","ClassCastException in SaveAndDirtyService.doSaveAs (315)","2017-09-08 09:46:37"
477567,"Papyrus","Core","mdt-papyrus-inbox","NEW"," ---","[All Diagram] Empty model doesn't save diagram","2018-06-01 08:10:35"
478130,"Papyrus","Core","mdt-papyrus-inbox","NEW"," ---","[Wizard] All template should be visible in the new mode wizard page","2017-07-19 05:14:14"
479107,"Papyrus","Core","mdt-papyrus-inbox","NEW"," ---","[Palettes] Provide editor for *.paletteconfiguration files","2017-08-03 05:17:31"
480511,"Papyrus","Core","mdt-papyrus-inbox","NEW"," ---","[ServiceEdit] Enhance utility functions","2015-10-23 10:51:15"
481602,"Papyrus","Core","mdt-papyrus-inbox","NEW"," ---","[Palettes][UMLTypes] Allow DSML usage of org.eclipse.papyrus.uml.diagram.clazz.Link_4016","2017-08-03 05:17:14"
482245,"Papyrus","Core","mdt-papyrus-inbox","NEW"," ---","[ElementTypes] Add a validation rule to detect a missing matcher for SpecializationTypeConfiguration","2017-03-07 12:15:37"
483309,"Papyrus","Core","mdt-papyrus-inbox","NEW"," ---","[ModelEditor] Context menu lost ofter coalescing tab folders","2017-08-07 08:40:51"
483755,"Papyrus","Core","mdt-papyrus-inbox","NEW"," ---","[AFViewpoints] Creation rule should allow Sub-stereotype for Viewpoint configurations","2018-05-04 05:26:22"
483801,"Papyrus","Core","mdt-papyrus-inbox","NEW"," ---","[Wizard] Project creation wizard API - Refactor needed","2017-08-02 12:24:52"
484001,"Papyrus","Core","mdt-papyrus-inbox","NEW"," ---","[User Experience] Investigate the 5 remaining Papyrus bundles on early  startup","2015-12-17 08:56:47"
484028,"Papyrus","Core","mdt-papyrus-inbox","NEW"," ---","[NewChild] [ElementTypes] Add key binding","2017-09-08 09:59:57"
485298,"Papyrus","Core","mdt-papyrus-inbox","NEW"," ---","[Label service] Apparent misconfiguration of label provider extension","2017-06-19 06:53:44"
486017,"Papyrus","Core","mdt-papyrus-inbox","NEW"," ---","[Facet] Property name in model explorer should be customizable with facet","2016-01-18 03:42:32"
486723,"Papyrus","Core","mdt-papyrus-inbox","NEW"," ---","[Usability] Papyrus shall enable to create new views (e.g., a class diagram) within a view from a selected model element view.","2016-01-28 09:36:01"
487105,"Papyrus","Core","mdt-papyrus-inbox","NEW"," ---","[Refactoring] Guava APIs superseded","2016-02-03 07:15:46"
487231,"Papyrus","Core","mdt-papyrus-inbox","NEW"," ---","Optional services","2016-02-04 08:20:43"
487728,"Papyrus","Core","mdt-papyrus-inbox","NEW"," ---","Creating InstanceSpecifications of Associations yields unexpected results","2019-09-09 03:29:12"
487749,"Papyrus","Core","mdt-papyrus-inbox","NEW"," ---","[New Child] CreationMenuModel should allow separators in models and so in contextual menus","2016-02-12 11:39:01"
487961,"Papyrus","Core","mdt-papyrus-inbox","NEW"," ---","Stereotype display does not show value for certain stereotype properties","2017-09-08 09:55:13"
488668,"Papyrus","Core","mdt-papyrus-inbox","NEW"," ---","[ProfileDiagram] Cannot establish associations between stereotype and metaclass","2017-08-02 11:43:03"
489003,"Papyrus","Core","mdt-papyrus-inbox","NEW"," ---","Namspace is not set for entry, exit, doActivity and effect","2018-06-01 08:32:35"
489913,"Papyrus","Core","mdt-papyrus-inbox","NEW"," ---","Inconsistent location of element Usage in model explorer when creating a New Relationship","2016-03-18 05:40:11"
491623,"Papyrus","Core","mdt-papyrus-inbox","NEW"," ---","Erroneous character output to UML","2016-04-20 14:49:39"
494217,"Papyrus","Core","mdt-papyrus-inbox","NEW"," ---","[AFViewpoints][Table] New Table menu item shown even without any tables in the configuration","2020-04-27 05:21:49"
494373,"Papyrus","Core","mdt-papyrus-inbox","NEW"," ---","[Model Explorer] Navigate, Goto element shows Java objects details","2017-08-02 11:39:04"
494413,"Papyrus","Core","mdt-papyrus-inbox","NEW"," ---","[CommunicationDiagram] Messages between 2 lifelines are no more on one single connector","2018-06-08 08:59:38"
495682,"Papyrus","Core","mdt-papyrus-inbox","NEW"," ---","[Profiles] Static profile generation broken in neon","2017-08-07 10:38:52"
497304,"Papyrus","Core","mdt-papyrus-inbox","NEW"," ---","[API] Allow access to name in CreateOrSelectTypeDialog","2016-11-29 07:49:15"
499005,"Papyrus","Core","mdt-papyrus-inbox","NEW"," ---","[Hyperlink] Hyperlink should be editable in property view","2017-08-07 11:49:28"
500346,"Papyrus","Core","mdt-papyrus-inbox","NEW"," ---","[ModelEditor] SashWindows preference page terminology, placement, and more","2017-08-07 08:31:11"
503078,"Papyrus","Core","mdt-papyrus-inbox","NEW"," ---","[Improvement] Selection from property view","2016-10-03 11:58:16"
503080,"Papyrus","Core","mdt-papyrus-inbox","NEW"," ---","[ElementTypes][DnD] Invariant Container Rule doesn't restrict drag&drop when the moved element is extended from an abstract uml class","2017-03-13 08:40:17"
503144,"Papyrus","Core","mdt-papyrus-inbox","NEW"," ---","UML Libraries extension point does not support i18n","2016-10-03 15:34:25"
506288,"Papyrus","Core","mdt-papyrus-inbox","NEW"," ---","[ElementTypes][DnD] Type Configuration failed to control Drag & Drop","2019-03-08 03:31:42"
507045,"Papyrus","Core","mdt-papyrus-inbox","NEW"," ---","getCurrentSideOfParent of PortPositionLocator spams warnings","2016-11-04 12:04:14"
507734,"Papyrus","Core","mdt-papyrus-inbox","NEW"," ---","[Validation] Recursive validation non working","2017-02-09 08:34:03"
507735,"Papyrus","Core","mdt-papyrus-inbox","NEW"," ---","[Menu] Provide a menu to set read only all the models resources","2016-11-18 04:58:54"
507945,"Papyrus","Core","mdt-papyrus-inbox","NEW"," ---","[AFViewpoints] Exception is thrown when a viewpoint configuration in an embedded plugin is selected","2018-04-08 02:56:19"
508098,"Papyrus","Core","mdt-papyrus-inbox","NEW"," ---","[Performances] Create/update a Papyrus service to share/check profile application","2017-03-13 08:51:18"
508099,"Papyrus","Core","mdt-papyrus-inbox","NEW"," ---","[Performances] Improve flat view performances","2017-03-13 08:50:13"
508111,"Papyrus","Core","mdt-papyrus-inbox","NEW"," ---","[dev] introducing a new target platform to ease developers work","2018-06-01 08:55:30"
508213,"Papyrus","Core","mdt-papyrus-inbox","NEW"," ---","rename an element which is a submodel does not rename the file","2016-11-28 04:43:08"
509014,"Papyrus","Core","mdt-papyrus-inbox","NEW"," ---","UI choosers and property view need to show qualified names to avoid ambiguity","2016-12-12 03:24:30"
509963,"Papyrus","Core","mdt-papyrus-inbox","NEW"," ---","Missing UMLDI for AssociationBase element","2019-02-15 09:56:15"
510683,"Papyrus","Core","mdt-papyrus-inbox","NEW"," ---","[ModelEditor] Sash Editor should takes into account sash position set into di model.","2017-09-08 11:41:47"
511445,"Papyrus","Core","mdt-papyrus-inbox","NEW"," ---","Incorrect implementation of InvariantContainerRule#canContain()","2019-03-08 03:32:43"
512091,"Papyrus","Core","mdt-papyrus-inbox","NEW"," ---","[ElementTypes][UMLTypes] ApproveRequest() stops being called after it returned true","2019-03-08 03:33:31"
512431,"Papyrus","Core","mdt-papyrus-inbox","NEW"," ---","Missing end of line decorations","2017-02-20 09:28:05"
512478,"Papyrus","Core","mdt-papyrus-inbox","NEW"," ---","[Core]  tag diagrams in papyrus should change at each release","2017-02-21 08:19:33"
512657,"Papyrus","Core","mdt-papyrus-inbox","NEW"," ---","[UMLTypes] Template binding is not deleted when target class has its template signature deleted","2017-08-02 12:32:30"
513465,"Papyrus","Core","mdt-papyrus-inbox","NEW"," ---","[OneFile][Di View] Synchronization between Project Explorer and opend file doesn't work","2017-03-10 10:27:06"
513804,"Papyrus","Core","mdt-papyrus-inbox","NEW"," ---","[RcpTT] [UMLModelExplorer] Regression in rename menu","2017-03-17 09:42:06"
514827,"Papyrus","Core","mdt-papyrus-inbox","NEW"," ---","[Quality] remove deprecated handler in UML Service Type","2017-04-06 04:46:09"
515791,"Papyrus","Core","mdt-papyrus-inbox","NEW"," ---","Uncomfortable UI for Comments tab of Properties view","2017-05-22 02:32:37"
516859,"Papyrus","Core","mdt-papyrus-inbox","NEW"," ---","[Wizard] New project/model wizard does not always show profile application widget","2017-08-02 12:24:10"
516865,"Papyrus","Core","mdt-papyrus-inbox","NEW"," ---","[Releng] [Oxygen]  remove unnecessary syso/syse","2017-08-01 04:48:45"
516943,"Papyrus","Core","mdt-papyrus-inbox","NEW"," ---","[Wizard] Wizard should allow filtering of representation kinds","2017-08-02 12:23:54"
517549,"Papyrus","Core","mdt-papyrus-inbox","NEW"," ---","[direct editor] Direct editor with additional constraint can never be activated or could be deactivated forever","2017-05-31 10:06:23"
517678,"Papyrus","Core","mdt-papyrus-inbox","NEW"," ---","NPE in indexer","2017-06-02 04:08:55"
517783,"Papyrus","Core","mdt-papyrus-inbox","NEW"," ---","Exception in indexing resource","2019-03-15 11:49:12"
518160,"Papyrus","Core","mdt-papyrus-inbox","NEW"," ---","[Profiles] Over-enthusiatic Papyrus profile application","2017-08-07 10:36:50"
518190,"Papyrus","Core","mdt-papyrus-inbox","NEW"," ---","[Model Explorer] Multiple selection with shift does not work after deleting an element","2017-08-02 11:41:38"
518758,"Papyrus","Core","mdt-papyrus-inbox","NEW"," ---","[Validation] Allow to disable UML validation for DSML","2017-06-27 03:55:00"
518815,"Papyrus","Core","mdt-papyrus-inbox","NEW"," ---","Location for team provider menu","2017-06-27 04:38:10"
519090,"Papyrus","Core","mdt-papyrus-inbox","NEW"," ---","[Properties View][Toolsmiths] Inherit attributes are not correctly managed during generation of properties view","2017-08-07 09:22:31"
519115,"Papyrus","Core","mdt-papyrus-inbox","NEW"," ---","Repeated feature descriptions","2017-07-03 12:44:51"
519200,"Papyrus","Core","mdt-papyrus-inbox","NEW"," ---","[AFViewpoints] [Palettes] Allow palette selection by viewpoint/Stakeholder/Concern","2018-06-05 09:31:07"
519378,"Papyrus","Core","mdt-papyrus-inbox","NEW"," ---","[UMLModelExplorer] Display role in ConnectorEnd label","2017-07-11 09:56:55"
520320,"Papyrus","Core","mdt-papyrus-inbox","NEW"," ---","[Profile] Apply a stereotype to a set of model element","2019-02-08 04:31:59"
520603,"Papyrus","Core","mdt-papyrus-inbox","NEW"," ---","Papyrus","2017-08-08 13:24:47"
520617,"Papyrus","Core","mdt-papyrus-inbox","NEW"," ---","[Workbench] Clean Diagram command always disable","2017-08-07 06:32:40"
521795,"Papyrus","Core","mdt-papyrus-inbox","NEW"," ---","[Palette] The palette editor should display stack label in the tree","2017-09-04 03:45:56"
521973,"Papyrus","Core","mdt-papyrus-inbox","NEW"," ---","[Diagram] make a rule to ensure there is no palette modification with org.eclipse.papyrus.umldi.Association_Edge","2017-09-19 11:26:45"
525297,"Papyrus","Core","mdt-papyrus-inbox","NEW"," ---","[ControlMode] NullPointerExceptions in ControlledResourceTracker while rolling back transactions","2019-03-15 11:04:35"
526948,"Papyrus","Core","mdt-papyrus-inbox","NEW"," ---","[PapyrusReq] add proxy stereotype to other elements","2017-11-08 08:07:32"
528496,"Papyrus","Core","mdt-papyrus-inbox","NEW"," ---","[Example] Java code not API","2017-12-12 08:11:53"
530073,"Papyrus","Core","mdt-papyrus-inbox","NEW"," ---","[UML - Tools] Method getDelegations() in utils","2018-03-09 08:54:21"
530418,"Papyrus","Core","mdt-papyrus-inbox","NEW"," ---","[validation] Accommodate EMF's obsolescence of Diagnostician.doValidateContents","2018-02-06 15:23:49"
532952,"Papyrus","Core","mdt-papyrus-inbox","NEW"," ---","Requirements and their implementations shall be listed","2018-03-28 05:38:43"
534352,"Papyrus","Core","mdt-papyrus-inbox","NEW"," ---","[AFViewpoints] Inheritance and reference","2018-05-04 04:58:22"
534353,"Papyrus","Core","mdt-papyrus-inbox","NEW"," ---","[AFViewpoints] AF could reference property view","2018-05-04 05:00:11"
534354,"Papyrus","Core","mdt-papyrus-inbox","NEW"," ---","[AFViewpoints] AF could reference also new child model","2018-05-18 07:15:41"
534814,"Papyrus","Core","mdt-papyrus-inbox","NEW"," ---","[ElementTypes] SetStereotypeValue and set stereotype application value","2018-05-18 03:53:57"
534815,"Papyrus","Core","mdt-papyrus-inbox","NEW"," ---","[ElementType][PropertyView][Profile] Usage of ApplyProfileRequest, ApplyStereotypeRequest and SetStereotypeValueCommand  -> why they are no yet used ?","2018-05-18 03:54:52"
536129,"Papyrus","Core","mdt-papyrus-inbox","NEW"," ---","[Architecture Framework] the field representation kinds of viewpoints in architecture framework is not user friendly","2018-06-22 02:57:26"
539548,"Papyrus","Core","mdt-papyrus-inbox","NEW"," ---","[Xtext][API][deprecated] remove deprecated method DefaultXtextDirectEditorConfiguration.createInvalidStringCommand","2020-12-10 08:18:30"
539843,"Papyrus","Core","mdt-papyrus-inbox","NEW"," ---","[AF][Customization] Diagram/Table creation not possible, if URI is not a platform URI","2018-10-08 05:10:03"
539970,"Papyrus","Core","mdt-papyrus-inbox","NEW"," ---","[Architecture Framework] folder in the wrong place","2018-10-09 11:21:15"
540302,"Papyrus","Core","mdt-papyrus-inbox","NEW"," ---","[PageManager] The page manager must be clean and refactored","2019-07-05 03:03:22"
540821,"Papyrus","Core","mdt-papyrus-inbox","NEW"," ---","[Remove Deprecated][Refactoring]Remove deprecated class org.eclipse.papyrus.uml.tools.providers.ProfileLabelProvider","2020-12-10 08:19:07"
540823,"Papyrus","Core","mdt-papyrus-inbox","NEW"," ---","[Remove Deprecated][Refactoring] Remove deprecated classes about Observable in plugin oep.uml.tools","2020-12-10 08:20:05"
540875,"Papyrus","Core","mdt-papyrus-inbox","NEW"," ---","[Refactoring][Remove Deprecated method] org.eclipse.papyrus.uml.tools.databinding.OwnedAttributeHelper.getFeatureForType(Type)","2020-12-10 08:20:31"
540984,"Papyrus","Core","mdt-papyrus-inbox","NEW"," ---","[API] CreateActionLocalConditionViewCommand deprecated constructor should be removed","2020-12-10 08:20:48"
540985,"Papyrus","Core","mdt-papyrus-inbox","NEW"," ---","[API] TreeNattableModelManager#getWidthSliderComposite method should be removed","2020-12-10 08:21:01"
541231,"Papyrus","Core","mdt-papyrus-inbox","NEW"," ---","[ElementTypeConfiguration] impossible to create UML element due to a bad configuation of an element type.","2019-03-08 04:35:11"
541234,"Papyrus","Core","mdt-papyrus-inbox","NEW"," ---","[ElementTypeConfiguration] problem due a lack of matcher for a specialized elementType","2018-11-16 08:53:33"
543303,"Papyrus","Core","mdt-papyrus-inbox","NEW"," ---","[OpenModel]Opens a Papyrus Model can throw Cannot modify resource set without a write transaction","2019-03-25 05:57:41"
543580,"Papyrus","Core","mdt-papyrus-inbox","NEW"," ---","[TextEditors] Papyrus does not properly support multiple XText editors for UML Elements on Diagram","2019-01-18 09:54:26"
543586,"Papyrus","Core","mdt-papyrus-inbox","NEW"," ---","[DeploymentDiagram] Remove the 'RemoveOrphanViewPolicy'","2020-12-10 08:25:56"
543839,"Papyrus","Core","mdt-papyrus-inbox","NEW"," ---","[Property view] handle default values when setting multiplicities","2019-01-25 10:15:55"
544003,"Papyrus","Core","mdt-papyrus-inbox","NEW"," ---","Import From User Model doesn't work","2019-03-07 10:47:38"
544168,"Papyrus","Core","mdt-papyrus-inbox","NEW"," ---","[Profile] Missing stereotypes are not applied when we reopen a model","2019-03-07 10:29:31"
544169,"Papyrus","Core","mdt-papyrus-inbox","NEW"," ---","[DecorationModel] The decoration model file must be included in the DiView","2019-02-06 04:24:41"
544171,"Papyrus","Core","mdt-papyrus-inbox","NEW"," ---","[DecorationModel] ControlMode doesn't create new xxx.profileapp.uml when the initial model use the DecorationModel feature","2019-02-08 04:15:21"
544173,"Papyrus","Core","mdt-papyrus-inbox","NEW"," ---","[DecorationModel][ExternalizeProfileApplication] There is no way to reload or reintegrate an externalized profile application.","2019-02-06 05:00:00"
544269,"Papyrus","Core","mdt-papyrus-inbox","NEW"," ---","[ControlMode][Profile] ProfileApplication tagged ""duplicatedProfile"" must be read-only","2019-02-08 04:45:59"
544270,"Papyrus","Core","mdt-papyrus-inbox","NEW"," ---","[Profile][ControlMode] Applied profiles in a controlled model is not propagated to subresource","2019-02-08 04:52:20"
544367,"Papyrus","Core","mdt-papyrus-inbox","NEW"," ---","[NLS] Unused messages definitions in console","2019-02-12 04:40:52"
544879,"Papyrus","Core","mdt-papyrus-inbox","NEW"," ---","[ProjectExplorer][OneFile] The question mark ? is always displayed on the root of the DiView","2019-02-27 09:56:01"
544882,"Papyrus","Core","mdt-papyrus-inbox","NEW"," ---","[Refactoring] oep.uml.diagram.wizard must be refactored","2020-12-10 08:26:19"
545404,"Papyrus","Core","mdt-papyrus-inbox","NEW"," ---","[AF][Table][Matrix][SysML] Satisfied link can't be created but no error are displayed","2019-03-14 09:41:48"
545660,"Papyrus","Core","mdt-papyrus-inbox","NEW"," ---","[Table][Diagram] default name for creation is not uniformized","2020-12-10 08:26:35"
545749,"Papyrus","Core","mdt-papyrus-inbox","NEW"," ---","Move elements in a library doesn't work properly","2019-03-25 09:46:12"
546036,"Papyrus","Core","mdt-papyrus-inbox","NEW"," ---","StereotypeCommentLink and StereotypeConstraint seems recreated after each diagram edition","2019-04-02 05:01:01"
546433,"Papyrus","Core","mdt-papyrus-inbox","NEW"," ---","[API] Remove the deprecated methods from ClassLoaderHelper","2020-12-10 08:27:16"
546595,"Papyrus","Core","mdt-papyrus-inbox","NEW"," ---","org.eclipse.papyrus.infra.core.sasheditor shall have a list of implemented usecases","2019-09-09 03:30:59"
546644,"Papyrus","Core","mdt-papyrus-inbox","NEW"," ---","[SashEditor] Clean code : The plugin org.eclipse.papyrus.core.sasheditor contains several classes duplicated from Eclipse.","2019-05-09 09:37:10"
546747,"Papyrus","Core","mdt-papyrus-inbox","NEW"," ---","[Element types] A missing target in an advice binding is not detected by validation","2019-05-09 05:33:57"
547253,"Papyrus","Core","mdt-papyrus-inbox","NEW"," ---","[papyrusCore] Add a better API linked to use case for the pluginorg.eclipse.papyrus.infra.core.sasheditor","2019-05-20 09:20:38"
547321,"Papyrus","Core","mdt-papyrus-inbox","NEW"," ---","[Papyrus Core] papyrus.infra.ui shall split into several sub-plugins","2019-05-15 08:37:34"
547391,"Papyrus","Core","mdt-papyrus-inbox","NEW"," ---","org.eclipse.papyrus.infra.core.sasheditor.multipage.editor.MultiPageEditor shoud be removed","2019-05-16 10:17:32"
547392,"Papyrus","Core","mdt-papyrus-inbox","NEW"," ---","org.eclipse.papyrus.example.core.sashwindows.simpleeditor sould be removed","2019-05-16 10:20:10"
547395,"Papyrus","Core","mdt-papyrus-inbox","NEW"," ---","org.eclipse.papyrus.infra.core.sasheditor.editor shall be internal but friendly with org.eclipse.papyrus.editor","2020-12-10 08:28:05"
548005,"Papyrus","Core","mdt-papyrus-inbox","NEW"," ---","[ElementTypes] graphical elementtypes generator bug","2019-06-06 09:46:48"
548692,"Papyrus","Core","mdt-papyrus-inbox","NEW"," ---","[ElementTypes] Remove deprecated HelperAdvices","2019-06-27 03:19:41"
548997,"Papyrus","Core","mdt-papyrus-inbox","NEW"," ---","[PageManager] The method allPages of the PageManager must be improved. The method isPage must be accessible.","2020-12-10 08:41:07"
550359,"Papyrus","Core","mdt-papyrus-inbox","NEW"," ---","[AF] Create a view to visualize the available architectures in the instance","2019-09-18 11:15:40"
550567,"Papyrus","Core","mdt-papyrus-inbox","NEW"," ---","[AF] Diagrams and tables should be visible even if its viewpoint is not enable","2019-09-17 08:44:13"
550568,"Papyrus","Core","mdt-papyrus-inbox","NEW"," ---","[AF] The diagrams and tables icons of disabled viewpoint should be grayed","2019-09-18 03:55:38"
550569,"Papyrus","Core","mdt-papyrus-inbox","NEW"," ---","[AF] Double-click on diagrams and tables icons of disabled viewpoint should open a dialog to enable viewpoint","2019-09-18 09:51:01"
550902,"Papyrus","Core","mdt-papyrus-inbox","NEW"," ---","[Doc] The papyrus embedded documentation must be the same than the documentation on the wiki","2019-11-08 05:41:14"
552006,"Papyrus","Core","mdt-papyrus-inbox","NEW"," ---","[Copy/Paste] The copy paste of the resource set change the notation serialization","2019-10-10 11:34:36"
552081,"Papyrus","Core","mdt-papyrus-inbox","NEW"," ---","[Tests] The test visualizePropertyThatIsAssociationEnd_bug478558 should not be marked as failing tests","2019-10-14 08:15:00"
553875,"Papyrus","Core","mdt-papyrus-inbox","NEW"," ---","[Validation] - Unsafe execution of OCL rules contributed through the ""validationHooks"" extension point","2019-12-12 11:02:16"
553878,"Papyrus","Core","mdt-papyrus-inbox","NEW"," ---","[Internationalization] - Invalid internationalization preference model URI","2019-12-12 11:02:28"
559799,"Papyrus","Core","mdt-papyrus-inbox","NEW"," ---","[Properties view] No Member Ends on Association","2021-02-25 09:11:46"
559862,"Papyrus","Core","mdt-papyrus-inbox","NEW"," ---","[Model Explorer] NPE after closing a referenced model","2021-02-25 09:21:09"
561667,"Papyrus","Core","mdt-papyrus-inbox","NEW"," ---","[Copy/Paste] Copy/cut paste loses the reference(association) value of stereotype application","2020-06-16 09:41:15"
561870,"Papyrus","Core","mdt-papyrus-inbox","NEW"," ---","Custom editor no longer opens in Papyrus multi-editor page that used to work in 4.4","2020-04-07 11:38:08"
561944,"Papyrus","Core","mdt-papyrus-inbox","NEW"," ---","Information flows remain after their end elements have been deleted","2021-02-25 09:56:37"
562217,"Papyrus","Core","mdt-papyrus-inbox","NEW"," ---","Papyrus shall expose an API for the Model Set in papyrus.infra.core","2020-04-16 09:36:22"
562218,"Papyrus","Core","mdt-papyrus-inbox","NEW"," ---","papyrus core shall shall the alone plugin be able to create Service registry","2020-04-16 09:46:59"
562228,"Papyrus","Core","mdt-papyrus-inbox","NEW"," ---","Generator of DI elementtypes seems to fail","2020-04-16 11:58:31"
564431,"Papyrus","Core","mdt-papyrus-inbox","NEW"," ---","[Core][Table] CommandStackListener received event from other loaded model","2020-06-18 10:36:07"
564432,"Papyrus","Core","mdt-papyrus-inbox","NEW"," ---","[Core][Copy][ModelExplorer] Make CTRL-C in the ModelExplorer generates a stack event","2020-12-10 08:38:11"
564956,"Papyrus","Core","mdt-papyrus-inbox","NEW"," ---","[Core][ModelExplorer] Service not found Exception -> ModelExplorer lost when we are working with 2 Papyrus editors open","2020-12-10 08:29:47"
564957,"Papyrus","Core","mdt-papyrus-inbox","NEW"," ---","[Core][ControlMode] NPE when editing 2 dependent models","2020-12-10 08:30:22"
564958,"Papyrus","Core","mdt-papyrus-inbox","NEW"," ---","Resource Locked Exception","2020-12-10 08:33:12"
566809,"Papyrus","Core","mdt-papyrus-inbox","NEW"," ---","[Documentation] customization about model explorer shall be added","2020-09-10 08:24:55"
568852,"Papyrus","Core","mdt-papyrus-inbox","NEW"," ---","[Element Types] Advice binding should be able to target multiple element-types","2020-11-17 09:18:31"
568968,"Papyrus","Core","mdt-papyrus-inbox","NEW"," ---","UMLDiagnostician.validate does not respect the EMF API","2020-11-19 15:13:13"
569222,"Papyrus","Core","mdt-papyrus-inbox","NEW"," ---","[REFACTORING] Analyse if Alf could be optional","2020-11-26 09:59:59"
569956,"Papyrus","Core","mdt-papyrus-inbox","NEW"," ---","no BigDecimal within ModelLibrary ""JavaLibrary""","2021-02-25 09:58:23"
570402,"Papyrus","Core","mdt-papyrus-inbox","NEW"," ---","Documentation improvement for Generating Static Profiles page in Papyrus Guide","2021-02-25 10:35:01"
570405,"Papyrus","Core","mdt-papyrus-inbox","NEW"," ---","Static profile saving/dynamic definition pop up","2021-02-25 10:51:56"
571501,"Papyrus","Core","mdt-papyrus-inbox","NEW"," ---","Copy/Past with specific character crash the model","2021-02-25 06:14:43"
512944,"Papyrus","Core","mickael.adam29","NEW"," ---","[ElementTypes] An adviceBindingConfiguration should exist to set cssClass notation attribute.","2018-09-14 11:19:44"
535514,"Papyrus","Core","quentin.lemenez","NEW"," ---","[RCP] Papyrus RCPs' contained features should be updatable through the classic installer","2018-06-04 07:44:29"
537141,"Papyrus","Core","quentin.lemenez","NEW"," ---","[CSS] Papyrus should rewire its dependencies to the CSSXMLEngineImpl and related classes","2020-12-10 08:40:46"
366410,"Papyrus","Core","sebastien.gerard","NEW"," ---","[SequenceDiagram] Operations provided by ports of the receiving lifeline not shown in predefined message dialog","2017-05-11 11:06:02"
531911,"Papyrus","Core","vincent.lorenzo","NEW"," ---","[Xtext] The generated xtext class extending the Papyrus class UmlCommonSemanticSequencer doesn't compile","2018-03-02 04:10:44"
544185,"Papyrus","Core","vincent.lorenzo","NEW"," ---","[Preference] UML Element Type preference for stereotype location must be removed","2019-09-09 03:30:16"
569002,"Papyrus","Core","vincent.lorenzo","NEW"," ---","[Architecture][Customization] the EMFFacet Customization file can't be declared for Profile environment in the architecture file","2020-12-10 08:33:54"
551740,"Papyrus","Core","give.a.damus","ASSIGNED"," ---","[AF][validation] we must check that all representation are referenced by a viewpoint","2021-02-02 10:25:09"
570486,"Papyrus","Core","give.a.damus","ASSIGNED"," ---","[Architecture] Architecture model shall clearly define merge and inherit concepts","2021-02-10 13:15:34"
571630,"Papyrus","Core","give.a.damus","ASSIGNED"," ---","[Element Types] InvariantStereotypeRule never asked to approve requests","2021-03-02 16:23:43"
571713,"Papyrus","Core","give.a.damus","ASSIGNED"," ---","[New Child] Empty drop-down menus can appear","2021-03-04 16:31:45"
571715,"Papyrus","Core","give.a.damus","ASSIGNED"," ---","[New Child] Duplicate drop-down menus can appear","2021-03-04 19:51:59"
336115,"Papyrus","Core","ansgar.radermacher","ASSIGNED"," ---","[Validation] Validation icon marks are not refreshed for Live constraints","2017-08-02 13:22:44"
353416,"Papyrus","Core","ansgar.radermacher","ASSIGNED"," ---","[CompositeDiagram] Specific drop action (Class on StructuredClassifier)  - different (and incorrect) behavior in 0.7 and 0.8 version","2017-08-02 11:41:24"
359820,"Papyrus","Core","ansgar.radermacher","ASSIGNED"," ---","[CompositeDiagram] Default multiplicity of ConnectorEnd","2017-08-02 11:41:38"
365887,"Papyrus","Core","ansgar.radermacher","ASSIGNED"," ---","[StateMachineDiagram] The defered triggers are not displayed into a state.","2017-09-04 11:43:38"
397729,"Papyrus","Core","ansgar.radermacher","ASSIGNED"," ---","[Validation] Incorrect Junction substate validation rule","2013-06-12 16:56:46"
399879,"Papyrus","Core","ansgar.radermacher","ASSIGNED"," ---","[Trace] Papyrus shall enable to navigate between the model and its execution traces","2013-03-19 06:18:15"
434702,"Papyrus","Core","ansgar.radermacher","ASSIGNED"," ---","[OCL] Errors in Documentation","2017-08-02 13:12:12"
438032,"Papyrus","Core","ansgar.radermacher","ASSIGNED"," ---","[Validation] The validation service within Papyrus is not a Papyrus service","2014-06-24 08:08:22"
465575,"Papyrus","Core","ansgar.radermacher","ASSIGNED"," ---","[Export Diagram] Shapes not scaled properly in diagrams exported as PDF or SVG","2017-02-09 04:32:05"
483308,"Papyrus","Core","ansgar.radermacher","ASSIGNED"," ---","[UMLValidation] Improve InstanceSpecification Validation","2017-08-02 13:20:54"
483542,"Papyrus","Core","ansgar.radermacher","ASSIGNED"," ---","[Validation] Papyrus needs test cases for common validation tasks","2016-03-04 11:24:20"
512428,"Papyrus","Core","ansgar.radermacher","ASSIGNED"," ---","[OCL] Inconsistent editing/validation OCLs","2017-08-02 13:11:11"
570945,"Papyrus","Core","ansgar.radermacher","ASSIGNED"," ---","[Validation] EMF Validation preferences are missing","2021-02-19 08:41:00"
536048,"Papyrus","Core","benoit.maggi","ASSIGNED"," ---","[Core] Test that model are valid","2020-12-10 08:15:55"
487490,"Papyrus","Core","cletavernier","ASSIGNED"," ---","[Model Explorer] [Facet] Associations in Model Explorer are not collected together in a folder (Simple UML Facet)","2017-11-06 10:45:31"
544476,"Papyrus","Core","cletavernier","ASSIGNED"," ---","[Properties - Profile] Support Optional Enums & Primitives","2019-02-15 07:19:34"
571560,"Papyrus","Core","give.a.damus","ASSIGNED"," ---","[Element Types] Not rule does not contain its operand","2021-02-27 10:19:22"
571561,"Papyrus","Core","give.a.damus","ASSIGNED"," ---","[Element Types] Simple rule configuration refactorings","2021-02-27 10:19:24"
571881,"Papyrus","Core","give.a.damus","ASSIGNED"," ---","[Architecture] Model creation sets architecture context too late","2021-03-11 08:29:43"
506289,"Papyrus","Core","mdt-papyrus-inbox","ASSIGNED"," ---","[Facet] Facet Custom File : missing entries when opened in the Reflective Editor","2017-11-06 10:47:37"
539360,"Papyrus","Core","mdt-papyrus-inbox","ASSIGNED"," ---","[UML utilities] Remove deprecated method findSubstereotypes in UMLUtil","2018-09-24 03:31:01"
541707,"Papyrus","Core","mdt-papyrus-inbox","ASSIGNED"," ---","[API] Remove management of old DirectEditor extension point from DirectEditorExtensionPoint","2020-12-10 08:24:35"
446157,"Papyrus","Core","melaasar","ASSIGNED"," ---","[AFViewpoints] Papyrus should ensure compatibility between viewpoints","2018-06-27 02:50:19"
482557,"Papyrus","Core","melaasar","ASSIGNED"," ---","[Expansion] Add and use id field in the meta model","2020-12-10 08:11:28"
528708,"Papyrus","Core","melaasar","ASSIGNED"," ---","[AFViewpoints] Allow local references in Architecture Model Editor","2020-12-10 08:12:05"
534351,"Papyrus","Core","melaasar","ASSIGNED"," ---","[AFViewpoints] Listener : have a better API listener  to change a context an view point: When a model is opened for the first time, this listener must be notified","2020-12-10 08:12:49"
550390,"Papyrus","Core","nifauvergue","ASSIGNED"," ---","[Toolsmiths][AF] A validation of Architecture framework plug-in definition can be available","2021-01-05 13:28:17"
550510,"Papyrus","Core","nifauvergue","ASSIGNED"," ---","[AF][Doc] The documentation concerning switch of architecture viewpoint should be modified","2019-09-17 05:54:36"
550535,"Papyrus","Core","nifauvergue","ASSIGNED"," ---","[AF] When switch viewpoints, the editors not managed by current viewpoints must be closed","2019-09-17 05:59:26"
320860,"Papyrus","Core","Patrick.Tessier","ASSIGNED"," ---","[ClassDiagram] Cannot delete association or dependency branch after delete from diagram","2017-08-02 11:38:37"
322998,"Papyrus","Core","Patrick.Tessier","ASSIGNED"," ---","[All Diagrams] Inconsistent drop of Constraint from explorer to diagram","2015-06-26 15:27:26"
324620,"Papyrus","Core","Patrick.Tessier","ASSIGNED"," ---","[All diagrams] Stereotype display on a label","2013-06-17 05:51:37"
330888,"Papyrus","Core","Patrick.Tessier","ASSIGNED"," ---","[ClassDiagram] Papyrus Class Diagram Editor shall support qualified association","2017-08-02 11:41:28"
343109,"Papyrus","Core","Patrick.Tessier","ASSIGNED"," ---","[ActivityDiagram] Properties ""is stream"" and ""is exception"" should appear on the graphical part of an activity parameter node","2013-04-01 06:21:24"
349925,"Papyrus","Core","Patrick.Tessier","ASSIGNED"," ---","[ClassDiagram] Bad stereotype representation refresh","2017-08-02 11:37:27"
349926,"Papyrus","Core","Patrick.Tessier","ASSIGNED"," ---","[ClassDiagram] Shape Stereotype representation seem to have incorrect default appearance properties","2017-08-02 11:37:07"
353718,"Papyrus","Core","Patrick.Tessier","ASSIGNED"," ---","[All Diagrams] Problem of color notification for linkLabelEditPart","2014-11-20 13:14:29"
360831,"Papyrus","Core","Patrick.Tessier","ASSIGNED"," ---","[All Diagrams][Comment] Change color (text or line) doesn't work correctly","2017-09-11 09:28:09"
361082,"Papyrus","Core","Patrick.Tessier","ASSIGNED"," ---","[ClassDiagram] In class diagram the substitution relationship shown without substitute","2017-08-02 11:40:40"
385932,"Papyrus","Core","Patrick.Tessier","ASSIGNED"," ---","[UMLPropertiesView] UML Primitive Types are greyed out but selectable","2017-08-07 10:56:55"
391220,"Papyrus","Core","Patrick.Tessier","ASSIGNED"," ---","[Validation] Check and fix plug-in names","2017-08-02 13:22:29"
397461,"Papyrus","Core","Patrick.Tessier","ASSIGNED"," ---","Cannot constrain stereotyped element","2013-03-19 15:17:22"
399253,"Papyrus","Core","Patrick.Tessier","ASSIGNED"," ---","[OCL] OCL bodies and initializers embedded within a UML Class Diagram are exported to Ecore","2017-08-02 13:13:00"
399257,"Papyrus","Core","Patrick.Tessier","ASSIGNED"," ---","[OCL] Improve the performance of the OCL code generator","2017-08-02 13:12:54"
399611,"Papyrus","Core","Patrick.Tessier","ASSIGNED"," ---","[TimingDiagram] Stereotype comment cannot be display on timing diagram","2017-08-02 13:34:08"
400078,"Papyrus","Core","Patrick.Tessier","ASSIGNED"," ---","[OCL] Improve OCL Constraint representation","2017-08-02 13:12:48"
401181,"Papyrus","Core","Patrick.Tessier","ASSIGNED"," ---","[Validation] The validation rules within the activity diagram cause null pointer exceptions on some models","2013-10-10 05:55:03"
520679,"Papyrus","Core","quentin.lemenez","ASSIGNED"," ---","[releng] free space and processor time on HIPP","2017-09-27 12:09:26"
296164,"Papyrus","Core","rschnekenburger","ASSIGNED"," ---","[General] Complete information on papyrus features","2014-03-26 04:52:25"
309504,"Papyrus","Core","rschnekenburger","ASSIGNED"," ---","[Palettes] Stereotype graphical representation post action on ClassAssociation does not work","2017-08-03 05:20:25"
317170,"Papyrus","Core","rschnekenburger","ASSIGNED"," ---","[All diagrams] Font color and line color of Comment element","2013-11-20 06:02:50"
317556,"Papyrus","Core","rschnekenburger","ASSIGNED"," ---","[Palettes] Papyrus shall support a life cycle management for palettes","2017-08-03 05:19:51"
319662,"Papyrus","Core","rschnekenburger","ASSIGNED"," ---","[CopyPaste] Papyrus shall enable Copy/Paste between view editors and model explorer.","2017-03-13 08:31:19"
324966,"Papyrus","Core","rschnekenburger","ASSIGNED"," ---","[ElementTypes] Centralized element edit service provide command for model element deletion, creation, modification ...","2017-03-07 11:42:27"
329877,"Papyrus","Core","rschnekenburger","ASSIGNED"," ---","[Extensibility] Papyrus shall provide a mean to model specific configurations of its content.","2013-10-10 06:19:25"
330173,"Papyrus","Core","rschnekenburger","ASSIGNED"," ---","[Extensibility] Papyrus shall support to configure its UI according to a given UI configuration model. a mean to model specific configurations of its content.","2013-10-10 06:21:06"
344442,"Papyrus","Core","rschnekenburger","ASSIGNED"," ---","[Palettes] Update of the palette framework","2017-08-03 05:18:08"
374526,"Papyrus","Core","rschnekenburger","ASSIGNED"," ---","[Papyrus Genral] Papyrus shall enable to define and to apply specific rules related the naming of model elements.","2013-10-10 06:29:43"
374649,"Papyrus","Core","rschnekenburger","ASSIGNED"," ---","[All Diagrams Editors] Papyrus graphical editors shall show scrollBars only when necessary","2013-01-31 17:10:54"
394763,"Papyrus","Core","rschnekenburger","ASSIGNED"," ---","[SequenceDiagram] cannot apply stereotype on a message created from a customized palette","2017-08-02 11:41:14"
394898,"Papyrus","Core","rschnekenburger","ASSIGNED"," ---","[All Diagrams] Shapes should react to model modifications","2012-11-23 10:01:24"
394907,"Papyrus","Core","rschnekenburger","ASSIGNED"," ---","[Symbol][CommonDiagram] Papyrus shall display actors or element typed by actors with stickman symbol","2017-08-07 09:10:38"
395937,"Papyrus","Core","rschnekenburger","ASSIGNED"," ---","[All diagrams] Papyrus shall provide a property page to manage shape decorations","2013-10-10 06:54:17"
404094,"Papyrus","Core","rschnekenburger","ASSIGNED"," ---","[CopyPaste] of an association is incomplete if some of its ends are not owned by the association","2017-03-13 08:20:24"
405619,"Papyrus","Core","rschnekenburger","ASSIGNED"," ---","The move of a diagram in model explorer is not well managed if the diagram's owners in source and target are not in the same resource.","2013-05-23 10:39:40"
424402,"Papyrus","Core","rschnekenburger","ASSIGNED"," ---","[Core] Runtime deployment of the element types shall be possible","2014-05-28 09:09:36"
424431,"Papyrus","Core","rschnekenburger","ASSIGNED"," ---","[Core] Deployment of Palettes should be possible at runtime","2014-04-29 09:23:53"
432828,"Papyrus","Core","rschnekenburger","ASSIGNED"," ---","[Core] Deployment of the palettes should be dependent of the required profiles","2014-09-08 11:07:14"
473342,"Papyrus","Core","rschnekenburger","ASSIGNED"," ---","[Core] Invariant Stereotypes types or subtypes should not accept creation request when the target container has not the correct profile applied","2015-07-23 02:44:00"
480663,"Papyrus","Core","rschnekenburger","ASSIGNED"," ---","[Tests] Papyrus configuration resources shall be tested","2015-10-27 06:02:09"
481927,"Papyrus","Core","rschnekenburger","ASSIGNED"," ---","[Core] UML label provider does not provide the right image for a given stereotyped element when the icon depends on an enumeration property","2015-11-11 08:37:08"
462861,"Papyrus","Core","sdirix","ASSIGNED"," ---","Show conflicts marker on Papyrus model node if one contained resource has a conflict marker","2016-11-11 05:16:16"
493010,"Papyrus","Core","shuai.li","ASSIGNED"," ---","[Model Explorer] Ordering of popup menu commands","2016-10-17 09:12:41"
327438,"Papyrus","Core","vincent.lorenzo","ASSIGNED"," ---","[Menu Diagram] Initial State for the actions","2017-02-23 16:14:53"
396742,"Papyrus","Core","vincent.lorenzo","ASSIGNED"," ---","[Tests] We should provide JUnit tests for the classes NameResolutionUtils and NameResolutionHelper","2017-08-07 11:18:06"
543489,"Papyrus","Core","vincent.lorenzo","ASSIGNED"," ---","[ControlMode][SubPackage] The stereotype application doesn't follow the stereotyped element.","2020-12-10 08:25:04"
365405,"Papyrus","Core","ansgar.radermacher","REOPENED"," ---","[StateMachineDiagram] Behaviours (Entry,exit,do) on states should have their own mechanisms","2017-08-02 11:37:46"
512554,"Papyrus","Core","ansgar.radermacher","REOPENED"," ---","[EMF][Performances] No Disable Workspace Model Indexer facility","2019-03-25 05:56:30"
354622,"Papyrus","Core","arthur.daussy","REOPENED"," ---","[ActivityDiagram] Object Flows selection prevent selecting other close elements.","2017-09-05 02:45:32"
399062,"Papyrus","Core","cedric.dumoulin","REOPENED"," ---","[Tests] oep.infra.core.tests induce dependency cycle","2017-08-18 11:43:36"
364608,"Papyrus","Core","Chokri.Mraidha","REOPENED"," ---","[SequenceDiagram] - Lifeline selection","2017-08-02 11:38:57"
543723,"Papyrus","Core","cletavernier","REOPENED"," ---","[Performances] Improve the ClassLoaderHelper","2019-05-13 04:15:50"
376976,"Papyrus","Core","mathieu.velten","REOPENED"," ---","[Widgets] Various bugfixes/improvements","2013-10-10 08:24:13"
305128,"Papyrus","Core","mdt-papyrus-inbox","REOPENED"," ---","[All Diagram] Provide a feature to transform a model element to another","2013-10-10 14:09:30"
318154,"Papyrus","Core","mdt-papyrus-inbox","REOPENED"," ---","[All diagrams] Multiple exceptions ""Received wrong transfer data"" during drag&drop","2015-09-29 09:51:55"
329558,"Papyrus","Core","mdt-papyrus-inbox","REOPENED"," ---","[Usability] Multiple selection of several Features owned by different classifier","2014-06-12 08:01:37"
376483,"Papyrus","Core","mdt-papyrus-inbox","REOPENED"," ---","Interfaces and Class figures should show Receptions in ClassDiagram","2013-10-28 05:22:10"
394923,"Papyrus","Core","mdt-papyrus-inbox","REOPENED"," ---","Too many mouse-clicks = mouse elbow warning!!!","2013-11-10 11:01:36"
447665,"Papyrus","Core","mdt-papyrus-inbox","REOPENED"," ---","[Profiles] Removing profiles definitions causing a profile definition","2020-12-10 08:10:35"
541400,"Papyrus","Core","mdt-papyrus-inbox","REOPENED"," ---","[Architecture Framework] Deleting elements leads to dangling references","2020-01-15 05:13:46"
569720,"Papyrus","Core","mdt-papyrus-inbox","REOPENED"," ---","java.io.IOException: mark/reset not supported from org.eclipse.papyrus.infra.core.internal.language.DefaultLanguageProvider","2021-01-24 16:19:55"
549705,"Papyrus","Core","nifauvergue","REOPENED"," ---","[Properties View] The stereotype properties modified by properties view does not use the correct request","2020-08-05 10:21:51"
359963,"Papyrus","Core","Patrick.Tessier","REOPENED"," ---","[CompositeDiagram] Remove Scrollbar for compartment","2017-08-02 11:36:53"
302426,"Papyrus","Core","rschnekenburger","REOPENED"," ---","[Palettes][CommonDiagram] New action to modify graphical properties of the element view should be added","2020-04-27 12:41:57"