"Bug ID","Product","Component","Assignee","Status","Resolution","Changed","Summary",,
425594,"Papyrus","Core","mdt-papyrus-inbox","UNCONFIRMED"," ---","2014-06-30 19:58:15","Extern property with package visibility incorrectly initialized by default class constructor with default value",,
426360,"Papyrus","Core","mdt-papyrus-inbox","UNCONFIRMED"," ---","2014-01-27 05:36:53"," Backporting model explorer revealer code",Model Explorer,
430244,"Papyrus","Core","mdt-papyrus-inbox","UNCONFIRMED"," ---","2014-03-13 03:11:39","Hangs when exporting pdf to networked drive",,
431008,"Papyrus","Core","mdt-papyrus-inbox","UNCONFIRMED"," ---","2014-03-25 08:59:48"," There are two different ways to load additional models which are called completely different things",Usability,
432954,"Papyrus","Core","mdt-papyrus-inbox","UNCONFIRMED"," ---","2017-08-07 10:50:24"," updating profile does not trigger re-apply if Profile URI has a user defined value",Profiles,
437737,"Papyrus","Core","mdt-papyrus-inbox","UNCONFIRMED"," ---","2014-06-19 06:56:09","Link new model as sub-model into existing model",,
438596,"Papyrus","Core","mdt-papyrus-inbox","UNCONFIRMED"," ---","2014-11-28 05:57:37","Package import fails due to illegalValueException on association nodes",,
456429,"Papyrus","Core","mdt-papyrus-inbox","UNCONFIRMED"," ---","2017-08-07 09:25:01"," Can't set default value for a literal",UMLPropertiesView,
457702,"Papyrus","Core","mdt-papyrus-inbox","UNCONFIRMED"," ---","2018-03-02 03:43:32"," integrate the mwe2 workflow and xtend generation at the build phase for the plugin org.eclipse.papyrus.infra.gmfdiag.css.xtext",Releng,General,Xtext,
459170,"Papyrus","Core","mdt-papyrus-inbox","UNCONFIRMED"," ---","2015-03-02 10:45:04","Renaming a model causes random files to be created",,
459772,"Papyrus","Core","mdt-papyrus-inbox","UNCONFIRMED"," ---","2015-02-12 08:17:26",": add the management of overwrite for Advice",naming convention,
459773,"Papyrus","Core","mdt-papyrus-inbox","UNCONFIRMED"," ---","2015-02-12 08:19:49",": add the management of after/before feature in respect of overwrite patterns",naming convention,
459776,"Papyrus","Core","mdt-papyrus-inbox","UNCONFIRMED"," ---","2015-02-12 08:24:17",": modify SetValuesAdviceConfiguration.ecore to add a specilation of for QueryExecutionValue",naming convention,
460235,"Papyrus","Core","mdt-papyrus-inbox","UNCONFIRMED"," ---","2015-02-18 07:52:17","ModelSet.addResourceLoadStateListener throws NPE",,
461831,"Papyrus","Core","mdt-papyrus-inbox","UNCONFIRMED"," ---","2015-03-10 10:46:17","Dependence not declared between ""org.eclipse.papyrus.infra.emf"" and ""org.eclipse.papyrus.infra.services.edit""",,
462223,"Papyrus","Core","mdt-papyrus-inbox","UNCONFIRMED"," ---","2015-03-16 08:23:31","Keep selection in model explorer when toggling between simple and advanced modes",,
462685,"Papyrus","Core","mdt-papyrus-inbox","UNCONFIRMED"," ---","2015-03-20 09:43:12","ValidateModelCommand stuck in infinite for-loop (sometimes)",,
462791,"Papyrus","Core","mdt-papyrus-inbox","UNCONFIRMED"," ---","2017-08-07 10:46:51"," Provide ability to unset optional tagged values.",Profiles,UMLPropertiesView,
463637,"Papyrus","Core","mdt-papyrus-inbox","UNCONFIRMED"," ---","2017-08-07 09:37:06"," Performance is worse than ever in SR2",Performances,
465645,"Papyrus","Core","mdt-papyrus-inbox","UNCONFIRMED"," ---","2015-04-28 03:29:16"," Syntax tree issue when doing this.listclassmember.add",ALF,
467185,"Papyrus","Core","mdt-papyrus-inbox","UNCONFIRMED"," ---","2015-05-14 07:24:05","Cleaning of org.eclipse.papyrus.infra.core when deleting project/model in the workspace",,
468274,"Papyrus","Core","mdt-papyrus-inbox","UNCONFIRMED"," ---","2015-05-26 08:00:29","Exporting a team project set file requires remote URL to be configured",,
469326,"Papyrus","Core","mdt-papyrus-inbox","UNCONFIRMED"," ---","2016-11-16 15:37:18"," Cannot create extended relationships having a constraining container descriptor",Extended-types framework,
469430,"Papyrus","Core","mdt-papyrus-inbox","UNCONFIRMED"," ---","2015-06-04 20:57:59","Add a EMF only mode to Papyrus",,
469431,"Papyrus","Core","mdt-papyrus-inbox","UNCONFIRMED"," ---","2015-11-18 09:26:37","Add use of EMF Java Code generator",,
471102,"Papyrus","Core","mdt-papyrus-inbox","UNCONFIRMED"," ---","2017-08-02 12:42:18"," Runtime exception while accessing Preferences->Embedded Editors->Common",ALF,
471536,"Papyrus","Core","mdt-papyrus-inbox","UNCONFIRMED"," ---","2015-07-02 08:39:16",": find namedelement by qualified name",refactoring,
472243,"Papyrus","Core","mdt-papyrus-inbox","UNCONFIRMED"," ---","2017-08-02 13:11:35"," SyntaxException in OCLUtil.checkForErrors (350)",OCL,
472920,"Papyrus","Core","mdt-papyrus-inbox","UNCONFIRMED"," ---","2015-07-17 04:27:03"," Improve programmatic import of Primitive Types",UML - Tools,
473648,"Papyrus","Core","mdt-papyrus-inbox","UNCONFIRMED"," ---","2015-08-26 17:18:49","NullPointerException in AbstractEMFOperation.rollback (630)",,
474012,"Papyrus","Core","mdt-papyrus-inbox","UNCONFIRMED"," ---","2017-08-02 11:41:28"," NPE in apply stereotype post action for regions and nested states in new regions",StateMachineDiagram,
478070,"Papyrus","Core","mdt-papyrus-inbox","UNCONFIRMED"," ---","2017-09-01 05:47:26"," Update the values of the required java version",Build,
478432,"Papyrus","Core","mdt-papyrus-inbox","UNCONFIRMED"," ---","2015-09-30 05:02:00"," Slow Response on ""New Diagram"" & ""New Table"" options of contextual menu",Model Explorer,
479195,"Papyrus","Core","mdt-papyrus-inbox","UNCONFIRMED"," ---","2016-03-04 11:35:39","Add a ""Where used"" Context Menu in both Diagrams and Model Explorer",,
481204,"Papyrus","Core","mdt-papyrus-inbox","UNCONFIRMED"," ---","2015-11-01 20:38:50","Add a context menu for zoom fit whole diagram to the view window",,
481205,"Papyrus","Core","mdt-papyrus-inbox","UNCONFIRMED"," ---","2017-08-03 05:24:38"," Remove disabled functions from the Palette",CommonDiagram,
481822,"Papyrus","Core","mdt-papyrus-inbox","UNCONFIRMED"," ---","2015-11-10 05:56:59"," org.eclipse.papyrus.cdo.core has dependencies to UI-plugins",CDO,
481833,"Papyrus","Core","mdt-papyrus-inbox","UNCONFIRMED"," ---","2017-08-07 08:40:56"," Loading a Sash-Model with any properties of type JavaObject fails",ModelEditor,
484171,"Papyrus","Core","mdt-papyrus-inbox","UNCONFIRMED"," ---","2015-12-11 04:34:01","Unable to open the model after model change",,
487026,"Papyrus","Core","mdt-papyrus-inbox","UNCONFIRMED"," ---","2016-02-02 11:43:03","IPapyrusListener / org.eclipse.papyrus.infra.core.modelListener not notified by di or notation model",,
487489,"Papyrus","Core","mdt-papyrus-inbox","UNCONFIRMED"," ---","2020-04-09 09:56:03"," [Facet] Dependency relationships in Model Explorer should be nested to aid readability (Simple UML Facet)",Model Explorer,Facet,
487815,"Papyrus","Core","mdt-papyrus-inbox","UNCONFIRMED"," ---","2018-06-01 08:27:11"," new pom architecture",releng,
488457,"Papyrus","Core","mdt-papyrus-inbox","UNCONFIRMED"," ---","2016-02-25 07:27:05"," Transfer values when changing stereotypeapplication within same inheritance hierarchy",Feature,
489506,"Papyrus","Core","mdt-papyrus-inbox","UNCONFIRMED"," ---","2017-08-02 13:21:12"," Application of Stereotype having multiple extensions with isRequired=true fails validation",UMLValidation,
489542,"Papyrus","Core","mdt-papyrus-inbox","UNCONFIRMED"," ---","2016-03-14 09:32:23","RuntimeException below PackageExplorerContentProvider$4.run",,
489701,"Papyrus","Core","mdt-papyrus-inbox","UNCONFIRMED"," ---","2018-09-14 07:17:05"," Validation for wrong extension multiplicity",ProfileDiagram,UMLValidation,
490568,"Papyrus","Core","mdt-papyrus-inbox","UNCONFIRMED"," ---","2016-04-07 07:24:59"," problem of compilation of oep.def promotion of developer features",developer,
492126,"Papyrus","Core","mdt-papyrus-inbox","UNCONFIRMED"," ---","2016-05-04 17:29:22"," Papyrus IModel.save() should offer possibility to pass in an IProgressMonitor",CDO,
493344,"Papyrus","Core","mdt-papyrus-inbox","UNCONFIRMED"," ---","2017-09-27 09:21:28"," Problem with stereotype property (tagged value) from imported package",Profiles,
493417,"Papyrus","Core","mdt-papyrus-inbox","UNCONFIRMED"," ---","2016-05-11 08:05:18"," Missing check on the thread UI before executing property changes",ALL DIAGRAMS,
496169,"Papyrus","Core","mdt-papyrus-inbox","UNCONFIRMED"," ---","2016-06-15 08:06:22","Cannot reorient the endpoint of a Dependency not owned by a package.",,
506054,"Papyrus","Core","mdt-papyrus-inbox","UNCONFIRMED"," ---","2016-10-17 04:31:01","ClassCastException in PapyrusContentProvider$2.run",,
506413,"Papyrus","Core","mdt-papyrus-inbox","UNCONFIRMED"," ---","2017-06-20 10:16:12","NullPointerException below DelegatingObservable.fireEvent (thrown in DecoratingObservableValue.setValue)",,
506750,"Papyrus","Core","mdt-papyrus-inbox","UNCONFIRMED"," ---","2016-11-15 04:33:48","NamedElement element names shall be configurable",,
507588,"Papyrus","Core","mdt-papyrus-inbox","UNCONFIRMED"," ---","2017-08-07 09:02:58"," refactor the Papyrus menus and popups",Usability,Workbench,
509201,"Papyrus","Core","mdt-papyrus-inbox","UNCONFIRMED"," ---","2016-12-14 03:55:34"," [releng] The jarsigner dependency should only be resolved when the profile is activated",papyrus,releng,
509398,"Papyrus","Core","mdt-papyrus-inbox","UNCONFIRMED"," ---","2017-08-03 05:16:42"," Custom Palette - could not find entry createCombinedFragmentTool",Palettes,
509437,"Papyrus","Core","mdt-papyrus-inbox","UNCONFIRMED"," ---","2017-08-07 10:38:07"," NPE in property dialog for setting stereotype's attributes",UMLPropertiesView,
509556,"Papyrus","Core","mdt-papyrus-inbox","UNCONFIRMED"," ---","2017-08-02 13:11:18"," OCL Console statement w/ select( oclIsKindOf(xx) ) causes NPE and UnsupportedOperationException if Package contains Enumeration elements.",OCL,
509906,"Papyrus","Core","mdt-papyrus-inbox","UNCONFIRMED"," ---","2017-01-04 03:02:07","PAGE_LIST is deprecated",quality,
509957,"Papyrus","Core","mdt-papyrus-inbox","UNCONFIRMED"," ---","2017-01-05 04:07:30"," refactoring newchild menu",NewChild,userxp,
510324,"Papyrus","Core","mdt-papyrus-inbox","UNCONFIRMED"," ---","2017-01-11 16:53:46","StereotypeElementListener fails to deliver undoRedoNotifications on rollback",,
510584,"Papyrus","Core","mdt-papyrus-inbox","UNCONFIRMED"," ---","2017-01-17 09:50:26"," problem of management in target platform",releng,
511305,"Papyrus","Core","mdt-papyrus-inbox","UNCONFIRMED"," ---","2017-08-07 11:34:36"," wrong default value generated in ecore model for LiteralUnlimitedNatural",Profiles,
512139,"Papyrus","Core","mdt-papyrus-inbox","UNCONFIRMED"," ---","2017-08-07 10:36:29"," Multiple Inheritance in UML Profile",Profiles,
516241,"Papyrus","Core","mdt-papyrus-inbox","UNCONFIRMED"," ---","2018-06-01 09:41:17","Guava :java.lang.NoSuchMethodError",,
518948,"Papyrus","Core","mdt-papyrus-inbox","UNCONFIRMED"," ---","2018-06-04 05:03:02"," RCP installation experience",Releng,
520678,"Papyrus","Core","mdt-papyrus-inbox","UNCONFIRMED"," ---","2017-08-08 07:58:23"," no reason to have a link on a maven repo on HIPP",releng,
521273,"Papyrus","Core","mdt-papyrus-inbox","UNCONFIRMED"," ---","2017-10-22 12:47:54"," NPE in InternationalizationModelResource.createModel at line 466",Internationalization,
521474,"Papyrus","Core","mdt-papyrus-inbox","UNCONFIRMED"," ---","2017-08-28 10:36:42"," refactor the menu of Sash Windows Editor",userxp,
521478,"Papyrus","Core","mdt-papyrus-inbox","UNCONFIRMED"," ---","2017-08-28 11:01:26"," split the example feature into two one for developer and one for user",xp,
521981,"Papyrus","Core","mdt-papyrus-inbox","UNCONFIRMED"," ---","2017-09-07 05:25:44"," pom naming and version convention",releng,
522145,"Papyrus","Core","mdt-papyrus-inbox","UNCONFIRMED"," ---","2017-09-18 08:10:18"," use project specific preferences to enhance code quality",General,
522280,"Papyrus","Core","mdt-papyrus-inbox","UNCONFIRMED"," ---","2017-09-14 06:11:09","ComponentRealization are incorrectly stored in supplier component",,
526853,"Papyrus","Core","mdt-papyrus-inbox","UNCONFIRMED"," ---","2017-11-08 12:27:40","package import always imports all packages of a model",,
527204,"Papyrus","Core","mdt-papyrus-inbox","UNCONFIRMED"," ---","2017-11-13 10:01:21"," creation of function to generate a class to manage QualifiedNames of given an input Profile",Profile,
528142,"Papyrus","Core","mdt-papyrus-inbox","UNCONFIRMED"," ---","2017-12-05 04:57:38","Weird references for local profiles applied via the New Papayrus Model wizard",,
529364,"Papyrus","Core","mdt-papyrus-inbox","UNCONFIRMED"," ---","2018-01-03 05:07:23","Color attributes for Richtext not working on OSX",,
529478,"Papyrus","Core","mdt-papyrus-inbox","UNCONFIRMED"," ---","2018-01-06 11:37:21"," Diagram update",State Machine Diagram,
530946,"Papyrus","Core","mdt-papyrus-inbox","UNCONFIRMED"," ---","2018-02-09 10:15:15"," Setting multiplicity lower bound - strange update behavior in the Model Explorer",Property View,
532064,"Papyrus","Core","mdt-papyrus-inbox","UNCONFIRMED"," ---","2018-05-04 05:26:49"," Bad architecture context on sub-model when using control mode",AFViewpoints,
532103,"Papyrus","Core","mdt-papyrus-inbox","UNCONFIRMED"," ---","2018-03-07 05:21:50"," Erroneous copy of association when copying a package",CopyPaste,
532168,"Papyrus","Core","mdt-papyrus-inbox","UNCONFIRMED"," ---","2018-03-08 07:54:03","ControlledResourceTracker throws NPE upon Rollback",,
532323,"Papyrus","Core","mdt-papyrus-inbox","UNCONFIRMED"," ---","2018-03-12 07:49:30","ShardResourceHelper throws NPE",,
532915,"Papyrus","Core","mdt-papyrus-inbox","UNCONFIRMED"," ---","2018-03-29 14:38:36","DSL/DSML customization",,
533321,"Papyrus","Core","mdt-papyrus-inbox","UNCONFIRMED"," ---","2018-04-06 11:20:28","Comment editor does not scale vertically",,
534251,"Papyrus","Core","mdt-papyrus-inbox","UNCONFIRMED"," ---","2018-05-03 02:25:02","Import package from user model fails for some of the available model loading strategies",,
534291,"Papyrus","Core","mdt-papyrus-inbox","UNCONFIRMED"," ---","2018-05-03 01:32:37","Notifications after an element in a submodel has been manually loaded is sent before the loaded element has been completely resolved",,
536406,"Papyrus","Core","mdt-papyrus-inbox","UNCONFIRMED"," ---","2018-06-28 11:22:41","I had requested update just after I started Papyrus. Papyrus showed that would have been updated I confirmed and it failed at about 35%",,
536964,"Papyrus","Core","mdt-papyrus-inbox","UNCONFIRMED"," ---","2018-07-12 10:04:46","Several issues for sequence diagram in Papyrus 4.0",,
536966,"Papyrus","Core","mdt-papyrus-inbox","UNCONFIRMED"," ---","2018-07-12 09:57:20","Remove menu choices for viewpoints ""Software Analysis / Design"" from new project menu",,
537734,"Papyrus","Core","mdt-papyrus-inbox","UNCONFIRMED"," ---","2018-08-07 03:18:11","update does not find repositories",,
537736,"Papyrus","Core","mdt-papyrus-inbox","UNCONFIRMED"," ---","2018-08-06 14:49:39","insufficient validation of multiplicity property field",,
538964,"Papyrus","Core","mdt-papyrus-inbox","UNCONFIRMED"," ---","2018-09-12 02:28:04","ModelExplorer Activator throws IllegalThreadException",,
539325,"Papyrus","Core","mdt-papyrus-inbox","UNCONFIRMED"," ---","2018-09-21 08:02:25"," Profile migration does not occur for profile applications on models within a component",Profile,
541749,"Papyrus","Core","mdt-papyrus-inbox","UNCONFIRMED"," ---","2018-11-30 09:33:03"," The grid can not be displayed on Linux",Diagram,
542692,"Papyrus","Core","mdt-papyrus-inbox","UNCONFIRMED"," ---","2018-12-12 00:07:42","New Papyrus Model with an existing model deletes the model",,
544596,"Papyrus","Core","mdt-papyrus-inbox","UNCONFIRMED"," ---","2019-02-20 04:09:12"," The css api should be refactored to allow implementation for other views",CSS,
545885,"Papyrus","Core","mdt-papyrus-inbox","UNCONFIRMED"," ---","2019-04-30 15:55:20"," Use of quick link handle causes Papyrus stop responding for >30 sec",Any Diagram,
547223,"Papyrus","Core","mdt-papyrus-inbox","UNCONFIRMED"," ---","2019-05-13 09:29:06","org.eclipse.swt.SWTException: Return value not valid (g_object_get_qdata)",,
549026,"Papyrus","Core","mdt-papyrus-inbox","UNCONFIRMED"," ---","2019-07-06 14:12:14","Applying <Const> to create a T const* in C++ always yields const T*",,
549877,"Papyrus","Core","mdt-papyrus-inbox","UNCONFIRMED"," ---","2020-05-13 06:51:22"," We should be able to link an element name string and an UML element in text field",Links,
553618,"Papyrus","Core","mdt-papyrus-inbox","UNCONFIRMED"," ---","2021-03-12 05:09:57"," Double click on InteractionUse launch an exception",SequenceDiagram,
568374,"Papyrus","Core","mdt-papyrus-inbox","UNCONFIRMED"," ---","2021-02-25 09:10:34","F2 shortcut should trigger EditHelperAdvice methods",,
570771,"Papyrus","Core","mdt-papyrus-inbox","UNCONFIRMED"," ---","2021-01-29 21:27:33","Papyrus framework does not call the validation callbacks of a Java static profile",,
570772,"Papyrus","Core","mdt-papyrus-inbox","UNCONFIRMED"," ---","2021-02-26 01:03:51","Papyrus profile exception when simply clicking on property with single UML::Integer type",,
462337,"Papyrus","Core","mdt-papyrus-inbox","NEW"," ---","2017-09-08 09:44:12"," Introduce a generic mechanism to tag stereotypes that shall not be possible to apply manually",Profiles,
485220,"Papyrus","Core","mdt-papyrus-inbox","NEW"," ---","2017-08-07 08:59:02"," Provide a more modular architecture (& builds) for Papyrus",General,Releng,
541027,"Papyrus","Core","aurelien.didier","NEW"," ---","2020-12-10 08:23:32"," remove duplicated and deprecated classes in org.eclipse.papyrus.infra.gmfdiag.tooling.runtime",Remove deprecated,Refactoring,
268779,"Papyrus","Core","mdt-papyrus-inbox","NEW"," ---","2019-02-08 04:05:44"," Papyrus shall allow to automatically Close tools of unselected diagrams",ModelEditor,
285833,"Papyrus","Core","mdt-papyrus-inbox","NEW"," ---","2018-12-21 04:07:59"," Adding tools in order to connect an editor to the Papyrus environment",ModelEditor,
290937,"Papyrus","Core","mdt-papyrus-inbox","NEW"," ---","2017-09-08 09:59:43"," Papyrus shall support CDO for persisting more scalable models",CDO,
290939,"Papyrus","Core","mdt-papyrus-inbox","NEW"," ---","2017-09-08 09:55:37","Investigate use of RESTful resources API from e4",,
290941,"Papyrus","Core","mdt-papyrus-inbox","NEW"," ---","2017-09-08 09:57:49","Investigate support for EMF binary resource implementation",,
290943,"Papyrus","Core","mdt-papyrus-inbox","NEW"," ---","2017-09-08 09:51:22"," Papyus shall investigate introduction of custom widgets to improve its usability.",Usability,
293145,"Papyrus","Core","mdt-papyrus-inbox","NEW"," ---","2017-09-08 09:56:32"," Support to automatically validate the model when saving",Validation,
293767,"Papyrus","Core","mdt-papyrus-inbox","NEW"," ---","2017-09-08 09:44:34"," DiResourceSet assumes the names of some resources",General,
297833,"Papyrus","Core","mdt-papyrus-inbox","NEW"," ---","2017-09-08 09:49:26"," Bad stereotype property representation when displayed with braces",All Diagrams,
302555,"Papyrus","Core","mdt-papyrus-inbox","NEW"," ---","2017-09-08 09:51:31","DragAndDrop Link after closing Papyrus",AllDiagram,AllLinks,
306808,"Papyrus","Core","mdt-papyrus-inbox","NEW"," ---","2017-09-08 09:58:40"," Bug in the setting value for properties typed by a stereotype",Palettes,
307055,"Papyrus","Core","mdt-papyrus-inbox","NEW"," ---","2017-08-07 09:16:24"," Inconsistent measures",GMF,CommonDiagram,Workbench,
307084,"Papyrus","Core","mdt-papyrus-inbox","NEW"," ---","2017-09-08 09:59:13"," Enhancements needed",Workbench,Usability,
307849,"Papyrus","Core","mdt-papyrus-inbox","NEW"," ---","2017-09-08 09:45:53"," Cumbersome tree notation",ClassDiagram,
307852,"Papyrus","Core","mdt-papyrus-inbox","NEW"," ---","2017-09-08 09:46:46"," Streamlined behavior needed",Appearance,
307870,"Papyrus","Core","mdt-papyrus-inbox","NEW"," ---","2017-09-08 09:49:22"," Moving the name of a node",Graphical editors,
307873,"Papyrus","Core","mdt-papyrus-inbox","NEW"," ---","2017-09-08 10:00:07"," Pop-up menu limited",General diagrams,
307874,"Papyrus","Core","mdt-papyrus-inbox","NEW"," ---","2017-09-08 09:57:14"," Quick link to diagrams",Model Explorer,
309647,"Papyrus","Core","mdt-papyrus-inbox","NEW"," ---","2017-09-08 09:57:37"," It should be possible to provides predefined perspective configuration",General,
311717,"Papyrus","Core","mdt-papyrus-inbox","NEW"," ---","2017-05-11 04:02:00"," New services should be in their own packages",Core,
311774,"Papyrus","Core","mdt-papyrus-inbox","NEW"," ---","2017-09-08 09:52:48"," EObjectInheritanceCopyCommand is  duplicated.",General,
313886,"Papyrus","Core","mdt-papyrus-inbox","NEW"," ---","2017-09-08 09:44:00"," No warning during model opening if imported models can not be found",Usability,
314890,"Papyrus","Core","mdt-papyrus-inbox","NEW"," ---","2017-09-08 09:47:02"," Papyrus wizard shall allow to choose several diagram categories",Wizard,
315300,"Papyrus","Core","mdt-papyrus-inbox","NEW"," ---","2017-09-18 10:42:59"," Papyrus shall improved its Public API for managing model set.",Core,
316549,"Papyrus","Core","mdt-papyrus-inbox","NEW"," ---","2017-09-08 09:47:20","  add the possibility to restore connections automatically when drag and drop",all diagrams,
317420,"Papyrus","Core","mdt-papyrus-inbox","NEW"," ---","2017-09-08 09:56:02"," Not possible to change the font and size of the text in the comment element",All Diagrams,
318606,"Papyrus","Core","mdt-papyrus-inbox","NEW"," ---","2017-09-08 09:45:48"," No simple way to add parameters or comments to an operation",ClassDiagram,Properties View,
319956,"Papyrus","Core","mdt-papyrus-inbox","NEW"," ---","2017-08-03 05:18:34"," Problem when adding applied stereotype in an aspect action",Palettes,
320892,"Papyrus","Core","mdt-papyrus-inbox","NEW"," ---","2017-09-08 09:43:48"," Usability improvement for Model / Project creation wizards",Wizard,
320914,"Papyrus","Core","mdt-papyrus-inbox","NEW"," ---","2017-09-08 09:43:37"," Improve homogeneity in element creation dialog",Palettes,UMLTypes,CommonDiagram,
320997,"Papyrus","Core","mdt-papyrus-inbox","NEW"," ---","2017-09-08 09:45:47"," Diagram becomes inconsistent when we retarget a link which is many times on the diagram",All Diagrams,All links,
321339,"Papyrus","Core","mdt-papyrus-inbox","NEW"," ---","2017-09-08 09:57:36"," Problem with renaming a project when a diagram is open",All Diagrams,
321731,"Papyrus","Core","mdt-papyrus-inbox","NEW"," ---","2017-09-08 09:49:04"," Replace relative paths in *.gmfgen with platform:/plugin uris",DiaGen,
324090,"Papyrus","Core","mdt-papyrus-inbox","NEW"," ---","2017-09-08 09:52:13"," Pulldown Toolbar should be able to execute the last action",Usability,
324307,"Papyrus","Core","mdt-papyrus-inbox","NEW"," ---","2017-08-02 11:39:31"," DnD of a delegation connector from model explorer is visually wrong placed if it connects an inherited port",CompositeDiagram,
324953,"Papyrus","Core","mdt-papyrus-inbox","NEW"," ---","2017-09-08 09:51:18"," Papyrus shall provide an editor of Abstract User Interface.",Abstract User Interface Editor,
325014,"Papyrus","Core","mdt-papyrus-inbox","NEW"," ---","2017-03-07 11:37:04"," Add IElementType specialization for each kind of Pseudostate elements",UMLTypes,
328002,"Papyrus","Core","mdt-papyrus-inbox","NEW"," ---","2017-09-08 09:46:27"," XText integration shall use Element Edit Service for setting Attribute and References",TextEditors,
328224,"Papyrus","Core","mdt-papyrus-inbox","NEW"," ---","2017-09-08 09:55:34"," Using Edit Service To Edit the properties of Element",Properties View,
328506,"Papyrus","Core","mdt-papyrus-inbox","NEW"," ---","2017-08-07 11:29:47"," EditHelper getDestroyDependentCommand ignored when a specific IClientContext is required",ElementTypes,
328557,"Papyrus","Core","mdt-papyrus-inbox","NEW"," ---","2017-03-07 11:39:21"," Provide move command support in ElementTypes EditHelpers",ElementTypes,
328810,"Papyrus","Core","mdt-papyrus-inbox","NEW"," ---","2017-09-08 09:59:01"," add a xtext parser to edit template binding",ClassDiagram,
329798,"Papyrus","Core","mdt-papyrus-inbox","NEW"," ---","2017-09-08 09:49:42"," Cannot define different editors for the same EObject using an additional filter",General,
329865,"Papyrus","Core","mdt-papyrus-inbox","NEW"," ---","2017-09-12 10:21:47"," Papyrus shall provide a specific textual editor for ALF.",ALF,
331566,"Papyrus","Core","mdt-papyrus-inbox","NEW"," ---","2017-09-08 09:46:56"," Compartment variables shall be translateable in property files.",All diagrams,
334813,"Papyrus","Core","mdt-papyrus-inbox","NEW"," ---","2017-09-12 10:21:50","PB content assist for a tag typed by a TupleType",,
335951,"Papyrus","Core","mdt-papyrus-inbox","NEW"," ---","2017-09-08 09:58:34","  Loading a non UML file template",Diagram templates,
336732,"Papyrus","Core","mdt-papyrus-inbox","NEW"," ---","2017-09-08 11:41:52"," Provide a ""create a new diagram project"" tutorial",General,
338389,"Papyrus","Core","mdt-papyrus-inbox","NEW"," ---","2019-02-01 08:40:24"," Add constraints on element creation",UMLTypes,
340862,"Papyrus","Core","mdt-papyrus-inbox","NEW"," ---","2017-09-12 10:21:15"," Problems with popup direct edit dialog",TextEditors,
341218,"Papyrus","Core","mdt-papyrus-inbox","NEW"," ---","2017-09-11 03:27:27"," Papyrus shall Allow reverse of Eclipse Plugin Dependencies into UML model",reverse,
347008,"Papyrus","Core","mdt-papyrus-inbox","NEW"," ---","2017-09-08 09:53:34"," AbstractCommandHandler should be in org.eclipse.core",General,
348542,"Papyrus","Core","mdt-papyrus-inbox","NEW"," ---","2017-09-08 09:47:43"," Re-target a comment or constraint link does not remove inconsistent occurrence",All Diagrams,
348653,"Papyrus","Core","mdt-papyrus-inbox","NEW"," ---","2017-09-08 09:53:39"," Some ""move"" in the model explorer should be forbidden",Model Explorer,
348736,"Papyrus","Core","mdt-papyrus-inbox","NEW"," ---","2018-06-01 09:11:23"," bad location for cmd ""Select elements with same type""",Usability,
348859,"Papyrus","Core","mdt-papyrus-inbox","NEW"," ---","2016-10-24 03:54:11","When creating a diagram suggest the same name as the container",General,
350589,"Papyrus","Core","mdt-papyrus-inbox","NEW"," ---","2017-09-08 11:41:58"," TabContent preview should be parameterizable from Preferences",ModelEditor,
351180,"Papyrus","Core","mdt-papyrus-inbox","NEW"," ---","2017-09-12 10:21:37","Extremely timely parsing of parenthesized expressions",,
351615,"Papyrus","Core","mdt-papyrus-inbox","NEW"," ---","2017-09-08 09:47:53"," Drag and drop from model to diagram should consider child elements.",drag and drop,
351674,"Papyrus","Core","mdt-papyrus-inbox","NEW"," ---","2017-08-31 10:03:59"," Can't show the label of a Port after hiding it",CompositeDiagram,
351701,"Papyrus","Core","mdt-papyrus-inbox","NEW"," ---","2017-09-08 09:43:24"," Default Preferences are not correctly set",ClassDiagram,
351795,"Papyrus","Core","mdt-papyrus-inbox","NEW"," ---","2017-09-08 09:59:10"," getCommandResult returns null",ElementTypes,UMLTypes,
351866,"Papyrus","Core","mdt-papyrus-inbox","NEW"," ---","2013-07-12 06:38:10","Add an option to create diagram with CallBehaviorAction",ActivityDiagram,
353133,"Papyrus","Core","mdt-papyrus-inbox","NEW"," ---","2017-09-08 09:44:05"," Global preferences are shown in diagram pages (like diagram specific preferences)",CommonDiagram,
354211,"Papyrus","Core","mdt-papyrus-inbox","NEW"," ---","2017-09-08 09:45:11"," creation of user defined print format does not work",print,
354998,"Papyrus","Core","mdt-papyrus-inbox","NEW"," ---","2017-09-08 09:56:55","Plugins loaded at startup",,
355462,"Papyrus","Core","mdt-papyrus-inbox","NEW"," ---","2017-09-08 09:57:07"," all team commands should be available for eGIT",model abstraction,
355517,"Papyrus","Core","mdt-papyrus-inbox","NEW"," ---","2017-09-08 09:50:49"," Move by D&D and Paste commands should be allowed when an appropriate containment link is targeted in the model explorer",Model Explorer,
356924,"Papyrus","Core","mdt-papyrus-inbox","NEW"," ---","2017-09-08 09:48:53"," Type editor in property pages not updated after undo/redo of type rename action",UMLPropertiesView,
357358,"Papyrus","Core","mdt-papyrus-inbox","NEW"," ---","2017-09-08 09:59:50","Bad algorithm within HierarchicViewerFilter",,
357827,"Papyrus","Core","mdt-papyrus-inbox","NEW"," ---","2017-09-08 09:57:56"," CommandWrappers classes are duplicated all over various plugins",General,
358077,"Papyrus","Core","mdt-papyrus-inbox","NEW"," ---","2017-09-08 09:55:46"," The UML property view should be improved for usability concerns",UMLPropertiesView,Usability,
358800,"Papyrus","Core","mdt-papyrus-inbox","NEW"," ---","2017-03-13 08:12:05"," file name lost when using ""browse"" on control wizard",ControlMode,
360829,"Papyrus","Core","mdt-papyrus-inbox","NEW"," ---","2017-09-08 09:52:58"," [All Diagram][Arrange All] The action Arrange All turns inside out the model",Enhancement,All Diagram,Arrange All,
361361,"Papyrus","Core","mdt-papyrus-inbox","NEW"," ---","2017-09-12 10:21:10"," Xtext transition editor only supports natural language",StateMachineDiagram,
362194,"Papyrus","Core","mdt-papyrus-inbox","NEW"," ---","2017-08-18 12:25:42"," OccurrenceSpecification should have an optional stereotypable notation",SequenceDiagram,
362974,"Papyrus","Core","mdt-papyrus-inbox","NEW"," ---","2017-09-08 09:55:06"," Opening the ""custom"" color dialog box in the appearance tab will cause Windows to switch to another application (the dialog opens in the background).",All Diagrams,
363099,"Papyrus","Core","mdt-papyrus-inbox","NEW"," ---","2017-09-08 09:47:28","  issues with changing association class ends",ClassDiagram,
363147,"Papyrus","Core","mdt-papyrus-inbox","NEW"," ---","2017-09-08 09:44:57"," Delete from diagram menu disappear in non-papyrus graphical editors",General,
364062,"Papyrus","Core","mdt-papyrus-inbox","NEW"," ---","2017-09-08 09:53:07"," Multiplicity parser should not be restricted to only integer literals",UMLPropertiesView,
364586,"Papyrus","Core","mdt-papyrus-inbox","NEW"," ---","2017-09-08 09:52:57"," There should be a better support for editing UML Datatype instances",UMLPropertiesView,
365323,"Papyrus","Core","mdt-papyrus-inbox","NEW"," ---","2017-09-08 09:57:04"," Truncated text in combo boxes",Appearance,
365696,"Papyrus","Core","mdt-papyrus-inbox","NEW"," ---","2017-09-08 09:58:26","property disappear",,
365881,"Papyrus","Core","mdt-papyrus-inbox","NEW"," ---","2017-09-08 09:52:40"," Display of ports does not contain the display for required/provided interfaces from type",All Diagrams,
365889,"Papyrus","Core","mdt-papyrus-inbox","NEW"," ---","2017-08-02 11:37:21"," The deletion of a StructuredActivityNode not delete edges incoming or outgoing the region.",ActivityDiagram,
365891,"Papyrus","Core","mdt-papyrus-inbox","NEW"," ---","2017-09-08 09:49:33"," Close/open diagram shall opened the lasted tab opened",General,
365896,"Papyrus","Core","mdt-papyrus-inbox","NEW"," ---","2017-08-02 11:40:12"," Improvement of template parameter creation",ClassDiagram,
366159,"Papyrus","Core","mdt-papyrus-inbox","NEW"," ---","2017-05-11 04:10:54"," Activity Diagram should be able to handle correctly Interruptible Edge",ActivityDiagram,
366406,"Papyrus","Core","mdt-papyrus-inbox","NEW"," ---","2017-09-08 09:49:55","Dependency client and supplier attributes should be editable in UML section of the property view",,
366944,"Papyrus","Core","mdt-papyrus-inbox","NEW"," ---","2017-08-02 11:41:31"," Synchronization of pins prevents to create ActionInputPin or ValuePin",ActivityDiagram,
367279,"Papyrus","Core","mdt-papyrus-inbox","NEW"," ---","2017-08-02 11:37:40"," Activity Diagram should be able to handle correctly Exception Handler element",ActivityDiagram,
367652,"Papyrus","Core","mdt-papyrus-inbox","NEW"," ---","2017-09-08 09:50:12"," instance specifications slots - restrict features to classifiers",ComponentDiagram,ClassDiagram,
367653,"Papyrus","Core","mdt-papyrus-inbox","NEW"," ---","2017-09-08 09:44:35"," instance slots - restrict instance values to feature classifiers",ComponentDiagram,ClassDiagram,
368932,"Papyrus","Core","mdt-papyrus-inbox","NEW"," ---","2017-05-11 04:10:40"," Prevent Compartment of Activity group to be selected",ActivitiyDiagram,
369815,"Papyrus","Core","mdt-papyrus-inbox","NEW"," ---","2017-03-13 08:11:02"," Parameters deletion on Controled Models doesn't work",ControlMode,
370817,"Papyrus","Core","mdt-papyrus-inbox","NEW"," ---","2017-09-08 09:46:04"," When exporting a Model we should also package the local profiles",Profiles,Exports,
370818,"Papyrus","Core","mdt-papyrus-inbox","NEW"," ---","2017-09-08 09:44:17"," It should be possible to import models by copy",UML - Import,
371043,"Papyrus","Core","mdt-papyrus-inbox","NEW"," ---","2017-09-08 09:45:59"," The action Manage connector label doesn't work on AssociationBranch",ClassDiagram,
371373,"Papyrus","Core","mdt-papyrus-inbox","NEW"," ---","2019-02-04 04:10:05"," Changing a parameter type on CallActions keep the ObjectFlow relation instead of deleting it",ActivityDiagram,
372022,"Papyrus","Core","mdt-papyrus-inbox","NEW"," ---","2017-09-08 09:52:17"," Cannot open Papyrus diagrams from an archive",Core editor,
372046,"Papyrus","Core","mdt-papyrus-inbox","NEW"," ---","2017-09-08 11:41:36"," ModelSet should allow to have unexisting associated model.",ModelSet,
373231,"Papyrus","Core","mdt-papyrus-inbox","NEW"," ---","2017-08-02 11:39:39"," delete a parameterNode should ask for parameter deletion",ActivityDiagram,
373803,"Papyrus","Core","mdt-papyrus-inbox","NEW"," ---","2016-09-21 05:33:51"," DiagramsUtil.getAssociatedDiagrams should use the cross referencer",GMF,
374784,"Papyrus","Core","mdt-papyrus-inbox","NEW"," ---","2017-09-08 09:57:12","""Show/hide contents"" does not act as expected when an element is displayed more than once",,
374785,"Papyrus","Core","mdt-papyrus-inbox","NEW"," ---","2017-09-08 09:52:08"," Bad behavior when selecting elements using the SHIFT key in compartments",Diagrams,
375153,"Papyrus","Core","mdt-papyrus-inbox","NEW"," ---","2017-08-02 11:40:53"," Wizard for synchronisation suggests too much elements in the selection dialogs",ActivityDiagram,
375183,"Papyrus","Core","mdt-papyrus-inbox","NEW"," ---","2017-09-08 09:53:23"," Pre-process cut/copied objects before pasting",Model Explorer,
375310,"Papyrus","Core","mdt-papyrus-inbox","NEW"," ---","2017-09-08 09:47:06"," Label customization not properly managed with multiselection",Appearance,
375324,"Papyrus","Core","mdt-papyrus-inbox","NEW"," ---","2017-09-08 09:59:38","Show/Hide compartment - Propagate selection to elements of same type doesn't work",,
375340,"Papyrus","Core","mdt-papyrus-inbox","NEW"," ---","2017-09-08 09:53:38"," Unexpected behavior when using arrow keys to move elements",All diagrams,
376065,"Papyrus","Core","mdt-papyrus-inbox","NEW"," ---","2017-03-13 08:05:07"," Attempting to delete a controlled element does not prompt the user to take the lock",ControlMode,
377106,"Papyrus","Core","mdt-papyrus-inbox","NEW"," ---","2017-09-08 09:56:46"," AST generated from an assignment seems incorrect",ALF,
384158,"Papyrus","Core","mdt-papyrus-inbox","NEW"," ---","2017-09-08 09:53:43"," Event loop exception when adding a trigger to a transition",Workbench,General,
384459,"Papyrus","Core","mdt-papyrus-inbox","NEW"," ---","2017-09-01 09:16:44"," Should provide a way to give priority to a customization",Model Explorer,
384570,"Papyrus","Core","mdt-papyrus-inbox","NEW"," ---","2017-09-08 09:58:07"," It should be possible to export a set of stylesheets to create a Theme plug-in",CSS,Export,
384571,"Papyrus","Core","mdt-papyrus-inbox","NEW"," ---","2017-09-08 09:55:54"," Add new CSS selectors to handle complex UML cases",CSS,
385183,"Papyrus","Core","mdt-papyrus-inbox","NEW"," ---","2017-09-08 09:54:04"," Creating attributes  operations in Class diagrams",Enhancement,
386241,"Papyrus","Core","mdt-papyrus-inbox","NEW"," ---","2017-09-08 09:50:58"," Improve the UML ModelExplorer customization for usability",Model Explorer,
387526,"Papyrus","Core","mdt-papyrus-inbox","NEW"," ---","2017-09-08 09:53:11"," PapyrusVersion EAnnotation.source is unscoped",Profiles,
387871,"Papyrus","Core","mdt-papyrus-inbox","NEW"," ---","2017-09-08 09:48:25"," Fix the profile definition",Profiles,
389496,"Papyrus","Core","mdt-papyrus-inbox","NEW"," ---","2017-09-08 09:54:24"," Properties view file selectors should support extension filters",Widgets,
390144,"Papyrus","Core","mdt-papyrus-inbox","NEW"," ---","2017-09-08 11:41:55","NPEs due to popup menu contributions still active on disposed editor",,
390801,"Papyrus","Core","mdt-papyrus-inbox","NEW"," ---","2017-09-12 10:21:18"," Papyrus shall provide name resolution utils",UML2,
391873,"Papyrus","Core","mdt-papyrus-inbox","NEW"," ---","2017-09-12 10:21:33"," Operation editor should move from Extra plug-ins to core",Alf,
392055,"Papyrus","Core","mdt-papyrus-inbox","NEW"," ---","2012-10-25 07:32:40"," displaying the full URI when an object is unreachable make it unreadable",Model Explorer,
392134,"Papyrus","Core","mdt-papyrus-inbox","NEW"," ---","2017-09-12 10:21:58"," Read links are not supported",Alf,
392170,"Papyrus","Core","mdt-papyrus-inbox","NEW"," ---","2017-09-12 10:21:08"," Serialization of operation signature and body",Alf,
392173,"Papyrus","Core","mdt-papyrus-inbox","NEW"," ---","2017-09-12 10:21:46"," The operation editor should not allow accept statements",Alf,
392177,"Papyrus","Core","mdt-papyrus-inbox","NEW"," ---","2017-09-12 10:21:19"," Alf editor does not support template bindings",Alf,
392178,"Papyrus","Core","mdt-papyrus-inbox","NEW"," ---","2017-09-12 10:21:54"," Resolution of names",Alf,
392184,"Papyrus","Core","mdt-papyrus-inbox","NEW"," ---","2017-09-12 10:21:09"," The Alf editor forces usage of named tuples in instance creation expressions",Alf,
392185,"Papyrus","Core","mdt-papyrus-inbox","NEW"," ---","2017-09-12 10:21:16"," Not possible to use named tuples in invocation expressions",Alf,
392186,"Papyrus","Core","mdt-papyrus-inbox","NEW"," ---","2017-09-12 10:21:12"," Local variables not visible outside of the block where they are defined",Alf,
392187,"Papyrus","Core","mdt-papyrus-inbox","NEW"," ---","2017-09-12 10:21:29"," Local variable declarations in 'if' statements",Alf,
392190,"Papyrus","Core","mdt-papyrus-inbox","NEW"," ---","2017-09-12 10:21:43"," Implicit variable declarations are not supported",Alf,
392191,"Papyrus","Core","mdt-papyrus-inbox","NEW"," ---","2017-09-12 10:21:55"," Qualified names",Alf,
392443,"Papyrus","Core","mdt-papyrus-inbox","NEW"," ---","2017-09-08 09:52:37"," A key shortcut in order to ""repeat"" last action would be useful for some repeated action",Usability,
392831,"Papyrus","Core","mdt-papyrus-inbox","NEW"," ---","2012-10-25 09:43:47"," GMF Debug View",Contribution,
394105,"Papyrus","Core","mdt-papyrus-inbox","NEW"," ---","2017-09-08 09:51:09"," Improve the profile export usability",Profiles,Exports,
394559,"Papyrus","Core","mdt-papyrus-inbox","NEW"," ---","2017-09-08 09:55:29"," stereotype icon format",Profiles,
394833,"Papyrus","Core","mdt-papyrus-inbox","NEW"," ---","2017-09-08 09:46:24"," Papyrus shall enable to re-factor out a part of a model for reuse.",Model Management,
394888,"Papyrus","Core","mdt-papyrus-inbox","NEW"," ---","2017-03-13 08:07:14"," Papyrus shall enable to define and apply automatic model control policies.",Team Working,
394911,"Papyrus","Core","mdt-papyrus-inbox","NEW"," ---","2017-09-08 09:57:39"," Lazy loading problem for a model split into parts.",Model Management,
394965,"Papyrus","Core","mdt-papyrus-inbox","NEW"," ---","2017-09-08 09:50:55"," Papyrus should provide a Service to retrieve the semantic roots of a ModelSet",Core Services,
396922,"Papyrus","Core","mdt-papyrus-inbox","NEW"," ---","2017-09-12 10:21:44"," The operation editor should allow serialization even if there are errors in Alf statements",Alf,
396945,"Papyrus","Core","mdt-papyrus-inbox","NEW"," ---","2017-09-12 10:21:07"," Migration from Indigo to Juno: Regression in InstanceCreationExpression",Alf,
397972,"Papyrus","Core","mdt-papyrus-inbox","NEW"," ---","2017-09-08 09:45:05"," The comment links are not destroyed when the Comment#annotatedElement property changes",ClassDiagram,
398712,"Papyrus","Core","mdt-papyrus-inbox","NEW"," ---","2017-09-08 09:51:42"," Multiple issues with the PageManager",Core,
399267,"Papyrus","Core","mdt-papyrus-inbox","NEW"," ---","2017-09-08 09:45:44"," A Constraint cannot be graphically linked to an attribute or operation",ClassDiagram,
399286,"Papyrus","Core","mdt-papyrus-inbox","NEW"," ---","2017-09-08 09:46:36","Add a Convert to Ecore capability",,
399648,"Papyrus","Core","mdt-papyrus-inbox","NEW"," ---","2017-09-08 11:41:32"," Sasheditor - current page selection should be managed by the Sasheditor",core,
399874,"Papyrus","Core","mdt-papyrus-inbox","NEW"," ---","2017-09-08 09:44:45"," Papyrus shall provide a test bench for performance evaluation",Performances,Tests,
399875,"Papyrus","Core","mdt-papyrus-inbox","NEW"," ---","2017-09-08 09:59:45"," Papyrus shall enable to launch and execute efficiently batch transformations.",Tools,
399876,"Papyrus","Core","mdt-papyrus-inbox","NEW"," ---","2017-09-08 09:55:38"," Improve Papyrus test coverage",Test,
400082,"Papyrus","Core","mdt-papyrus-inbox","NEW"," ---","2017-09-08 09:55:15"," Embedded Xtext editors are not Modal",TextEditors,
400209,"Papyrus","Core","mdt-papyrus-inbox","NEW"," ---","2017-09-08 09:52:05","  Improve overall Papyrus stability",Stability,
400210,"Papyrus","Core","mdt-papyrus-inbox","NEW"," ---","2017-09-08 09:46:20"," Papyrus shall allow model recovery",Core services,
400298,"Papyrus","Core","mdt-papyrus-inbox","NEW"," ---","2017-09-08 09:53:41"," AdditionalResourcesModel should be declared as a regular model",core,
402873,"Papyrus","Core","mdt-papyrus-inbox","NEW"," ---","2020-12-10 08:01:47"," ServiceUtilsForActionHandler is deprecated and should not be used anymore",Core,
403162,"Papyrus","Core","mdt-papyrus-inbox","NEW"," ---","2017-08-31 09:23:27"," Selecting the label of a connector end should result in refreshing the property view on the connector end",CompositeDiagram,
403477,"Papyrus","Core","mdt-papyrus-inbox","NEW"," ---","2017-09-08 09:51:03"," stereotype attribute value cannot be set for some attribute types",Profiles,
403582,"Papyrus","Core","mdt-papyrus-inbox","NEW"," ---","2017-09-08 09:51:33"," Class attribute for an association remains after indirect deletion",Service Edit,
403781,"Papyrus","Core","mdt-papyrus-inbox","NEW"," ---","2017-09-08 11:41:35"," EMF Tree Diagram do not work anymore",infra.emf,
403913,"Papyrus","Core","mdt-papyrus-inbox","NEW"," ---","2017-09-08 09:54:38"," The OpenElementService does not work with models containing special chars",OpenElementService,
404804,"Papyrus","Core","mdt-papyrus-inbox","NEW"," ---","2017-09-08 09:53:03","UMLPackage is loaded before Papyrus is used",,
404993,"Papyrus","Core","mdt-papyrus-inbox","NEW"," ---","2017-09-08 09:52:23","Inconsistent spelling of capitalized attributes",,
405573,"Papyrus","Core","mdt-papyrus-inbox","NEW"," ---","2017-09-08 09:47:34","If the client of an interfaceRealization is changed (and even if the original client is restored) an exception is raised on the selection of the interfaceRealization.",,
405575,"Papyrus","Core","mdt-papyrus-inbox","NEW"," ---","2017-09-08 09:44:06","""Enable Write"" action should be replaced by ""enable lock"" action for models managed in configuration",,
405592,"Papyrus","Core","mdt-papyrus-inbox","NEW"," ---","2017-09-08 09:54:52","The value of stereotype attributes typed by a value specification should be displayed instead of the name",,
405615,"Papyrus","Core","mdt-papyrus-inbox","NEW"," ---","2017-09-08 09:45:06","A feature equivalent to the ""transform into"" of the TOPCASED editor should be available",,
406313,"Papyrus","Core","mdt-papyrus-inbox","NEW"," ---","2017-09-08 09:45:15"," Papyrus shall support navigation to specific Table elements (Row Column Cell ..?)",Hyperlink,Table,
407922,"Papyrus","Core","mdt-papyrus-inbox","NEW"," ---","2017-09-08 09:47:49"," The Papyrus UI shall be documented",Documentation,
409566,"Papyrus","Core","mdt-papyrus-inbox","NEW"," ---","2017-09-08 09:56:45"," Opening a model should open referenced projects",Editor,
409577,"Papyrus","Core","mdt-papyrus-inbox","NEW"," ---","2017-09-08 09:48:17"," Papyrus shall propose an ""Initialize Diagram"" feature",All Diagram Editors,
410688,"Papyrus","Core","mdt-papyrus-inbox","NEW"," ---","2017-09-08 09:57:52"," No close model option in context menu",Project Explorer,
413314,"Papyrus","Core","mdt-papyrus-inbox","NEW"," ---","2017-09-08 09:55:56"," New Papyrus Model Wizard asks for .di File Name which is confusing",Wizard,
413781,"Papyrus","Core","mdt-papyrus-inbox","NEW"," ---","2017-09-08 09:44:50"," Provide support for converting OpaqueAction into the different InvocationActions",ActivityDiagram,
414657,"Papyrus","Core","mdt-papyrus-inbox","NEW"," ---","2017-09-08 09:58:02"," Changes to a profile diagram cause a redefinition request",ProfileDiagram,
415377,"Papyrus","Core","mdt-papyrus-inbox","NEW"," ---","2017-09-08 09:51:38"," Interactive transaction conflict resolution",CDO,
415379,"Papyrus","Core","mdt-papyrus-inbox","NEW"," ---","2017-09-08 09:47:41"," Support branches in Model Repositories view",CDO,
415383,"Papyrus","Core","mdt-papyrus-inbox","NEW"," ---","2017-09-08 09:54:22"," Server-side model validation and reporting",CDO,
415390,"Papyrus","Core","mdt-papyrus-inbox","NEW"," ---","2017-09-08 09:45:41"," User guide for working with model repositories",CDO,
415392,"Papyrus","Core","mdt-papyrus-inbox","NEW"," ---","2017-09-08 09:43:30"," Programmer's Guide for CDO integration",CDO,
417816,"Papyrus","Core","mdt-papyrus-inbox","NEW"," ---","2017-09-08 09:50:18","Support for manipulating UML association classes",,
417845,"Papyrus","Core","mdt-papyrus-inbox","NEW"," ---","2017-09-08 09:51:56"," Support for calculating the (tagged) value of derived properties defined in stereotypes in a dynamic profile",OCL,
419292,"Papyrus","Core","mdt-papyrus-inbox","NEW"," ---","2017-09-08 09:57:10","Selecting a Type from the filtered lists does not expand the trees",,
420070,"Papyrus","Core","mdt-papyrus-inbox","NEW"," ---","2017-09-12 10:21:39"," Papyrus shall support Alf compilation for structural modeling",ALFIntegration,
420071,"Papyrus","Core","mdt-papyrus-inbox","NEW"," ---","2017-09-12 10:21:40"," Papyrus shall support Alf model synchronization for structural modeling",ALFIntegration,
420073,"Papyrus","Core","mdt-papyrus-inbox","NEW"," ---","2017-09-12 10:21:30"," Papyrus shall provide an editor and a compiler for alf at activy level",ALFIntegration,
427641,"Papyrus","Core","mdt-papyrus-inbox","NEW"," ---","2017-09-08 09:44:39"," Papyrus shall provide an API definition",API,
429436,"Papyrus","Core","mdt-papyrus-inbox","NEW"," ---","2017-08-31 09:42:59"," Dependency and Collaboration",CompositeDiagram,
429471,"Papyrus","Core","mdt-papyrus-inbox","NEW"," ---","2017-09-08 09:53:45"," XMI serialization is different when saving imported model",Model Management,
430863,"Papyrus","Core","mdt-papyrus-inbox","NEW"," ---","2017-03-13 08:32:54"," Cut & Paste does not work accross Papyrus/Eclipse instances",CopyPaste,
431004,"Papyrus","Core","mdt-papyrus-inbox","NEW"," ---","2017-09-08 09:53:25"," Remove useless menu bar items",Usability,
431007,"Papyrus","Core","mdt-papyrus-inbox","NEW"," ---","2017-09-08 09:46:50"," Remove toolbar items",Usability,
431326,"Papyrus","Core","mdt-papyrus-inbox","NEW"," ---","2017-09-08 09:50:35"," Deal with growing profile size",Profiles,
432253,"Papyrus","Core","mdt-papyrus-inbox","NEW"," ---","2017-09-08 09:58:56","Modeled connections disappear in diagrams when ports are hidden",,
432720,"Papyrus","Core","mdt-papyrus-inbox","NEW"," ---","2017-09-08 09:46:09"," OCL expressions should track refactorings",OCL,
433506,"Papyrus","Core","mdt-papyrus-inbox","NEW"," ---","2017-09-08 09:46:33"," Validation does not work from the diagram",validation,
434128,"Papyrus","Core","mdt-papyrus-inbox","NEW"," ---","2018-04-08 02:40:31"," Viewpoints mechanism need to be more bulletproof (NPE)",AFViewpoints,
434205,"Papyrus","Core","mdt-papyrus-inbox","NEW"," ---","2019-02-08 04:45:59"," Removing profile application from parent package also removes it from its children",Profiles,
434361,"Papyrus","Core","mdt-papyrus-inbox","NEW"," ---","2017-09-18 10:48:43"," Model and Profile Migration Guide under Help",Documentation,
434564,"Papyrus","Core","mdt-papyrus-inbox","NEW"," ---","2017-09-08 09:58:49"," MetaModelManagers are not re-used",OCL,
435058,"Papyrus","Core","mdt-papyrus-inbox","NEW"," ---","2017-09-08 09:57:08"," Drag and Drop should be tested",All Diagrams,
435244,"Papyrus","Core","mdt-papyrus-inbox","NEW"," ---","2017-09-08 09:49:17"," Papyrus clutters Workspace preferences",TextEditors,Workbench,
435276,"Papyrus","Core","mdt-papyrus-inbox","NEW"," ---","2018-06-01 10:15:36"," Papyrus should not allow to apply the same stereotype twice",Profiles,
435387,"Papyrus","Core","mdt-papyrus-inbox","NEW"," ---","2017-03-13 08:06:17"," [Save as] Di file is not always stored in the right location after ""Save as"" on controlled unit",ControlMode,Save as,
436460,"Papyrus","Core","mdt-papyrus-inbox","NEW"," ---","2017-09-08 09:51:27"," can not add operation to a component from model explorer",Model Explorer,
436776,"Papyrus","Core","mdt-papyrus-inbox","NEW"," ---","2014-06-06 04:29:20"," Validation errors after profile migration",Validation,
437150,"Papyrus","Core","mdt-papyrus-inbox","NEW"," ---","2014-06-11 09:39:33"," Create new model wizard should warn of unconventional filenames",Wizard,
440443,"Papyrus","Core","mdt-papyrus-inbox","NEW"," ---","2017-09-08 09:47:05"," Workspace-private sash model not copied when a model copied and pasted",ModelEditor,
440451,"Papyrus","Core","mdt-papyrus-inbox","NEW"," ---","2017-09-08 09:54:25"," Don't prompt for profiles to apply or packages to import if only one available",Profiles,Usability,
440783,"Papyrus","Core","mdt-papyrus-inbox","NEW"," ---","2014-07-30 10:16:12","Invalid use of MissingResourceException",,
441246,"Papyrus","Core","mdt-papyrus-inbox","NEW"," ---","2017-09-08 09:46:07"," EditorReloadTest is conflicting with ResourceLoadingTest",Tests,
444220,"Papyrus","Core","mdt-papyrus-inbox","NEW"," ---","2014-09-16 05:14:42"," The ""import-all"" button is confusing",Package Import,
444749,"Papyrus","Core","mdt-papyrus-inbox","NEW"," ---","2017-08-03 04:09:07"," Import package from user model doesn't work",RSA,
445650,"Papyrus","Core","mdt-papyrus-inbox","NEW"," ---","2017-09-08 09:52:07"," Get rid of deprecated class IPageMngr",Clean,
446191,"Papyrus","Core","mdt-papyrus-inbox","NEW"," ---","2017-03-13 08:05:57"," Selecting multiple packages to be subunits fails",ControlMode,
446865,"Papyrus","Core","mdt-papyrus-inbox","NEW"," ---","2019-03-07 10:44:06","lowerValue and upperValue cardinality values not accessible through UI",,
452676,"Papyrus","Core","mdt-papyrus-inbox","NEW"," ---","2017-09-08 09:50:43"," Should warn user when defining profile having unnamed OCL constraints",ProfileDiagram,OCL,
454040,"Papyrus","Core","mdt-papyrus-inbox","NEW"," ---","2017-09-08 09:53:15"," Track migration of Eclipse OCL to OCL 2.5 candidate support",OCL,
454743,"Papyrus","Core","mdt-papyrus-inbox","NEW"," ---","2017-09-08 09:48:19"," Creating a new Papyrus Project assumes I want to create a model",Usability,
455198,"Papyrus","Core","mdt-papyrus-inbox","NEW"," ---","2017-08-07 10:47:06"," Profile definition action should not be invoked on save action",Profiles,
456195,"Papyrus","Core","mdt-papyrus-inbox","NEW"," ---","2017-09-08 09:51:28"," Inefficient xtext.builder.participants",TextEditors,
456779,"Papyrus","Core","mdt-papyrus-inbox","NEW"," ---","2017-09-08 09:52:31"," Papyrus shall support an element type configuration generator for a profile",Toolsmiths,
458539,"Papyrus","Core","mdt-papyrus-inbox","NEW"," ---","2017-12-19 08:29:45",": explore a new feature for naming convention of elements",naming convention,
458905,"Papyrus","Core","mdt-papyrus-inbox","NEW"," ---","2017-03-13 08:28:40"," IPasteStrategy dependsOn don't gen honored",CopyPaste,
459165,"Papyrus","Core","mdt-papyrus-inbox","NEW"," ---","2017-12-19 07:49:10","Rename on project does not update references",,
459166,"Papyrus","Core","mdt-papyrus-inbox","NEW"," ---","2017-03-13 08:05:38"," Creating a submodel breaks references from other projects",ControlMode,
459543,"Papyrus","Core","mdt-papyrus-inbox","NEW"," ---","2015-02-10 11:30:07","Various classes in Papyrus use features from Java SE 1.7",,
461711,"Papyrus","Core","mdt-papyrus-inbox","NEW"," ---","2017-09-08 09:59:06","Dependence not declared between ""org.eclipse.papyrus.infra.core.sasheditor"" and ""org.eclipse.papyrus.infra.gmfdiag.preferences""",,
462005,"Papyrus","Core","mdt-papyrus-inbox","NEW"," ---","2017-09-08 09:50:14","Navigation to baseclass and subclass missing",,
462048,"Papyrus","Core","mdt-papyrus-inbox","NEW"," ---","2017-09-08 09:53:56","CCE in ResourceServiceProviderDescriptor.get (60)",,
463218,"Papyrus","Core","mdt-papyrus-inbox","NEW"," ---","2017-08-25 07:18:20","Investigate Guava Linkage errors",,
463642,"Papyrus","Core","mdt-papyrus-inbox","NEW"," ---","2017-09-08 09:47:16"," Menus and views association with modeling languages",Modeling Language View Menu,
464981,"Papyrus","Core","mdt-papyrus-inbox","NEW"," ---","2017-08-07 09:12:49"," Preferences shown for closed project",Workbench,
465273,"Papyrus","Core","mdt-papyrus-inbox","NEW"," ---","2017-09-08 09:48:47","Model file emptied",,
467665,"Papyrus","Core","mdt-papyrus-inbox","NEW"," ---","2017-09-08 09:47:19","Primitive types cannot have any ownedAttributes",,
468282,"Papyrus","Core","mdt-papyrus-inbox","NEW"," ---","2017-07-05 13:31:10"," paste does not copy stereotype applications",CopyPaste,
468898,"Papyrus","Core","mdt-papyrus-inbox","NEW"," ---","2017-09-08 09:58:21","Classifier does not see behavioral features when Interface Realization is used",,
469167,"Papyrus","Core","mdt-papyrus-inbox","NEW"," ---","2017-09-08 09:43:51"," NullPointerException in BadStateException.<init> (44)",Sync Service,
469646,"Papyrus","Core","mdt-papyrus-inbox","NEW"," ---","2015-06-08 13:05:16","Papyrus ignores the EValidatorRegistry",,
475940,"Papyrus","Core","mdt-papyrus-inbox","NEW"," ---","2017-09-08 09:58:42"," pageAboutToBeOpened pageAboutToBeClosed implementation in IPageLifeCycleEventsListener",ModelEditor,
476099,"Papyrus","Core","mdt-papyrus-inbox","NEW"," ---","2017-08-07 10:46:20"," Depreciate Old Papyrus Image Eannotation mechanism",Profiles,
477368,"Papyrus","Core","mdt-papyrus-inbox","NEW"," ---","2017-09-08 09:46:37","ClassCastException in SaveAndDirtyService.doSaveAs (315)",,
477567,"Papyrus","Core","mdt-papyrus-inbox","NEW"," ---","2018-06-01 08:10:35"," Empty model doesn't save diagram",All Diagram,
478130,"Papyrus","Core","mdt-papyrus-inbox","NEW"," ---","2017-07-19 05:14:14"," All template should be visible in the new mode wizard page",Wizard,
479107,"Papyrus","Core","mdt-papyrus-inbox","NEW"," ---","2017-08-03 05:17:31"," Provide editor for *.paletteconfiguration files",Palettes,
480511,"Papyrus","Core","mdt-papyrus-inbox","NEW"," ---","2015-10-23 10:51:15"," Enhance utility functions",ServiceEdit,
481602,"Papyrus","Core","mdt-papyrus-inbox","NEW"," ---","2017-08-03 05:17:14"," Allow DSML usage of org.eclipse.papyrus.uml.diagram.clazz.Link_4016",Palettes,UMLTypes,
482245,"Papyrus","Core","mdt-papyrus-inbox","NEW"," ---","2017-03-07 12:15:37"," Add a validation rule to detect a missing matcher for SpecializationTypeConfiguration",ElementTypes,
483309,"Papyrus","Core","mdt-papyrus-inbox","NEW"," ---","2017-08-07 08:40:51"," Context menu lost ofter coalescing tab folders",ModelEditor,
483755,"Papyrus","Core","mdt-papyrus-inbox","NEW"," ---","2018-05-04 05:26:22"," Creation rule should allow Sub-stereotype for Viewpoint configurations",AFViewpoints,
483801,"Papyrus","Core","mdt-papyrus-inbox","NEW"," ---","2017-08-02 12:24:52"," Project creation wizard API - Refactor needed",Wizard,
484001,"Papyrus","Core","mdt-papyrus-inbox","NEW"," ---","2015-12-17 08:56:47"," Investigate the 5 remaining Papyrus bundles on early  startup",User Experience,
484028,"Papyrus","Core","mdt-papyrus-inbox","NEW"," ---","2017-09-08 09:59:57"," [ElementTypes] Add key binding",NewChild,ElementTypes,
485298,"Papyrus","Core","mdt-papyrus-inbox","NEW"," ---","2017-06-19 06:53:44"," Apparent misconfiguration of label provider extension",Label service,
486017,"Papyrus","Core","mdt-papyrus-inbox","NEW"," ---","2016-01-18 03:42:32"," Property name in model explorer should be customizable with facet",Facet,
486723,"Papyrus","Core","mdt-papyrus-inbox","NEW"," ---","2016-01-28 09:36:01"," Papyrus shall enable to create new views (e.g. a class diagram) within a view from a selected model element view.",Usability,
487105,"Papyrus","Core","mdt-papyrus-inbox","NEW"," ---","2016-02-03 07:15:46"," Guava APIs superseded",Refactoring,
487231,"Papyrus","Core","mdt-papyrus-inbox","NEW"," ---","2016-02-04 08:20:43","Optional services",,
487728,"Papyrus","Core","mdt-papyrus-inbox","NEW"," ---","2019-09-09 03:29:12","Creating InstanceSpecifications of Associations yields unexpected results",,
487749,"Papyrus","Core","mdt-papyrus-inbox","NEW"," ---","2016-02-12 11:39:01"," CreationMenuModel should allow separators in models and so in contextual menus",New Child,
487961,"Papyrus","Core","mdt-papyrus-inbox","NEW"," ---","2017-09-08 09:55:13","Stereotype display does not show value for certain stereotype properties",,
488668,"Papyrus","Core","mdt-papyrus-inbox","NEW"," ---","2017-08-02 11:43:03"," Cannot establish associations between stereotype and metaclass",ProfileDiagram,
489003,"Papyrus","Core","mdt-papyrus-inbox","NEW"," ---","2018-06-01 08:32:35","Namspace is not set for entry exit doActivity and effect",,
489913,"Papyrus","Core","mdt-papyrus-inbox","NEW"," ---","2016-03-18 05:40:11","Inconsistent location of element Usage in model explorer when creating a New Relationship",,
491623,"Papyrus","Core","mdt-papyrus-inbox","NEW"," ---","2016-04-20 14:49:39","Erroneous character output to UML",,
494217,"Papyrus","Core","mdt-papyrus-inbox","NEW"," ---","2020-04-27 05:21:49"," New Table menu item shown even without any tables in the configuration",AFViewpoints,Table,
494373,"Papyrus","Core","mdt-papyrus-inbox","NEW"," ---","2017-08-02 11:39:04"," Navigate Goto element shows Java objects details",Model Explorer,
494413,"Papyrus","Core","mdt-papyrus-inbox","NEW"," ---","2018-06-08 08:59:38"," Messages between 2 lifelines are no more on one single connector",CommunicationDiagram,
495682,"Papyrus","Core","mdt-papyrus-inbox","NEW"," ---","2017-08-07 10:38:52"," Static profile generation broken in neon",Profiles,
497304,"Papyrus","Core","mdt-papyrus-inbox","NEW"," ---","2016-11-29 07:49:15"," Allow access to name in CreateOrSelectTypeDialog",API,
499005,"Papyrus","Core","mdt-papyrus-inbox","NEW"," ---","2017-08-07 11:49:28"," Hyperlink should be editable in property view",Hyperlink,
500346,"Papyrus","Core","mdt-papyrus-inbox","NEW"," ---","2017-08-07 08:31:11"," SashWindows preference page terminology placement and more",ModelEditor,
503078,"Papyrus","Core","mdt-papyrus-inbox","NEW"," ---","2016-10-03 11:58:16"," Selection from property view",Improvement,
503080,"Papyrus","Core","mdt-papyrus-inbox","NEW"," ---","2017-03-13 08:40:17"," Invariant Container Rule doesn't restrict drag&drop when the moved element is extended from an abstract uml class",ElementTypes,DnD,
503144,"Papyrus","Core","mdt-papyrus-inbox","NEW"," ---","2016-10-03 15:34:25","UML Libraries extension point does not support i18n",,
506288,"Papyrus","Core","mdt-papyrus-inbox","NEW"," ---","2019-03-08 03:31:42"," Type Configuration failed to control Drag & Drop",ElementTypes,DnD,
507045,"Papyrus","Core","mdt-papyrus-inbox","NEW"," ---","2016-11-04 12:04:14","getCurrentSideOfParent of PortPositionLocator spams warnings",,
507734,"Papyrus","Core","mdt-papyrus-inbox","NEW"," ---","2017-02-09 08:34:03"," Recursive validation non working",Validation,
507735,"Papyrus","Core","mdt-papyrus-inbox","NEW"," ---","2016-11-18 04:58:54"," Provide a menu to set read only all the models resources",Menu,
507945,"Papyrus","Core","mdt-papyrus-inbox","NEW"," ---","2018-04-08 02:56:19"," Exception is thrown when a viewpoint configuration in an embedded plugin is selected",AFViewpoints,
508098,"Papyrus","Core","mdt-papyrus-inbox","NEW"," ---","2017-03-13 08:51:18"," Create/update a Papyrus service to share/check profile application",Performances,
508099,"Papyrus","Core","mdt-papyrus-inbox","NEW"," ---","2017-03-13 08:50:13"," Improve flat view performances",Performances,
508111,"Papyrus","Core","mdt-papyrus-inbox","NEW"," ---","2018-06-01 08:55:30"," introducing a new target platform to ease developers work",dev,
508213,"Papyrus","Core","mdt-papyrus-inbox","NEW"," ---","2016-11-28 04:43:08","rename an element which is a submodel does not rename the file",,
509014,"Papyrus","Core","mdt-papyrus-inbox","NEW"," ---","2016-12-12 03:24:30","UI choosers and property view need to show qualified names to avoid ambiguity",,
509963,"Papyrus","Core","mdt-papyrus-inbox","NEW"," ---","2019-02-15 09:56:15","Missing UMLDI for AssociationBase element",,
510683,"Papyrus","Core","mdt-papyrus-inbox","NEW"," ---","2017-09-08 11:41:47"," Sash Editor should takes into account sash position set into di model.",ModelEditor,
511445,"Papyrus","Core","mdt-papyrus-inbox","NEW"," ---","2019-03-08 03:32:43","Incorrect implementation of InvariantContainerRule#canContain()",,
512091,"Papyrus","Core","mdt-papyrus-inbox","NEW"," ---","2019-03-08 03:33:31"," ApproveRequest() stops being called after it returned true",ElementTypes,UMLTypes,
512431,"Papyrus","Core","mdt-papyrus-inbox","NEW"," ---","2017-02-20 09:28:05","Missing end of line decorations",,
512478,"Papyrus","Core","mdt-papyrus-inbox","NEW"," ---","2017-02-21 08:19:33","  tag diagrams in papyrus should change at each release",Core,
512657,"Papyrus","Core","mdt-papyrus-inbox","NEW"," ---","2017-08-02 12:32:30"," Template binding is not deleted when target class has its template signature deleted",UMLTypes,
513465,"Papyrus","Core","mdt-papyrus-inbox","NEW"," ---","2017-03-10 10:27:06"," Synchronization between Project Explorer and opend file doesn't work",OneFile,Di View,
513804,"Papyrus","Core","mdt-papyrus-inbox","NEW"," ---","2017-03-17 09:42:06"," [UMLModelExplorer] Regression in rename menu",RcpTT,UMLModelExplorer,
514827,"Papyrus","Core","mdt-papyrus-inbox","NEW"," ---","2017-04-06 04:46:09"," remove deprecated handler in UML Service Type",Quality,
515791,"Papyrus","Core","mdt-papyrus-inbox","NEW"," ---","2017-05-22 02:32:37","Uncomfortable UI for Comments tab of Properties view",,
516859,"Papyrus","Core","mdt-papyrus-inbox","NEW"," ---","2017-08-02 12:24:10"," New project/model wizard does not always show profile application widget",Wizard,
516865,"Papyrus","Core","mdt-papyrus-inbox","NEW"," ---","2017-08-01 04:48:45"," [Oxygen]  remove unnecessary syso/syse",Releng,Oxygen,
516943,"Papyrus","Core","mdt-papyrus-inbox","NEW"," ---","2017-08-02 12:23:54"," Wizard should allow filtering of representation kinds",Wizard,
517549,"Papyrus","Core","mdt-papyrus-inbox","NEW"," ---","2017-05-31 10:06:23"," Direct editor with additional constraint can never be activated or could be deactivated forever",direct editor,
517678,"Papyrus","Core","mdt-papyrus-inbox","NEW"," ---","2017-06-02 04:08:55","NPE in indexer",,
517783,"Papyrus","Core","mdt-papyrus-inbox","NEW"," ---","2019-03-15 11:49:12","Exception in indexing resource",,
518160,"Papyrus","Core","mdt-papyrus-inbox","NEW"," ---","2017-08-07 10:36:50"," Over-enthusiatic Papyrus profile application",Profiles,
518190,"Papyrus","Core","mdt-papyrus-inbox","NEW"," ---","2017-08-02 11:41:38"," Multiple selection with shift does not work after deleting an element",Model Explorer,
518758,"Papyrus","Core","mdt-papyrus-inbox","NEW"," ---","2017-06-27 03:55:00"," Allow to disable UML validation for DSML",Validation,
518815,"Papyrus","Core","mdt-papyrus-inbox","NEW"," ---","2017-06-27 04:38:10","Location for team provider menu",,
519090,"Papyrus","Core","mdt-papyrus-inbox","NEW"," ---","2017-08-07 09:22:31"," Inherit attributes are not correctly managed during generation of properties view",Properties View,Toolsmiths,
519115,"Papyrus","Core","mdt-papyrus-inbox","NEW"," ---","2017-07-03 12:44:51","Repeated feature descriptions",,
519200,"Papyrus","Core","mdt-papyrus-inbox","NEW"," ---","2018-06-05 09:31:07"," [Palettes] Allow palette selection by viewpoint/Stakeholder/Concern",AFViewpoints,Palettes,
519378,"Papyrus","Core","mdt-papyrus-inbox","NEW"," ---","2017-07-11 09:56:55"," Display role in ConnectorEnd label",UMLModelExplorer,
520320,"Papyrus","Core","mdt-papyrus-inbox","NEW"," ---","2019-02-08 04:31:59"," Apply a stereotype to a set of model element",Profile,
520603,"Papyrus","Core","mdt-papyrus-inbox","NEW"," ---","2017-08-08 13:24:47","Papyrus",,
520617,"Papyrus","Core","mdt-papyrus-inbox","NEW"," ---","2017-08-07 06:32:40"," Clean Diagram command always disable",Workbench,
521795,"Papyrus","Core","mdt-papyrus-inbox","NEW"," ---","2017-09-04 03:45:56"," The palette editor should display stack label in the tree",Palette,
521973,"Papyrus","Core","mdt-papyrus-inbox","NEW"," ---","2017-09-19 11:26:45"," make a rule to ensure there is no palette modification with org.eclipse.papyrus.umldi.Association_Edge",Diagram,
525297,"Papyrus","Core","mdt-papyrus-inbox","NEW"," ---","2019-03-15 11:04:35"," NullPointerExceptions in ControlledResourceTracker while rolling back transactions",ControlMode,
526948,"Papyrus","Core","mdt-papyrus-inbox","NEW"," ---","2017-11-08 08:07:32"," add proxy stereotype to other elements",PapyrusReq,
528496,"Papyrus","Core","mdt-papyrus-inbox","NEW"," ---","2017-12-12 08:11:53"," Java code not API",Example,
530073,"Papyrus","Core","mdt-papyrus-inbox","NEW"," ---","2018-03-09 08:54:21"," Method getDelegations() in utils",UML - Tools,
530418,"Papyrus","Core","mdt-papyrus-inbox","NEW"," ---","2018-02-06 15:23:49"," Accommodate EMF's obsolescence of Diagnostician.doValidateContents",validation,
532952,"Papyrus","Core","mdt-papyrus-inbox","NEW"," ---","2018-03-28 05:38:43","Requirements and their implementations shall be listed",,
534352,"Papyrus","Core","mdt-papyrus-inbox","NEW"," ---","2018-05-04 04:58:22"," Inheritance and reference",AFViewpoints,
534353,"Papyrus","Core","mdt-papyrus-inbox","NEW"," ---","2018-05-04 05:00:11"," AF could reference property view",AFViewpoints,
534354,"Papyrus","Core","mdt-papyrus-inbox","NEW"," ---","2018-05-18 07:15:41"," AF could reference also new child model",AFViewpoints,
534814,"Papyrus","Core","mdt-papyrus-inbox","NEW"," ---","2018-05-18 03:53:57"," SetStereotypeValue and set stereotype application value",ElementTypes,
534815,"Papyrus","Core","mdt-papyrus-inbox","NEW"," ---","2018-05-18 03:54:52"," Usage of ApplyProfileRequest ApplyStereotypeRequest and SetStereotypeValueCommand  -> why they are no yet used ?",ElementType,PropertyView,Profile,
536129,"Papyrus","Core","mdt-papyrus-inbox","NEW"," ---","2018-06-22 02:57:26"," the field representation kinds of viewpoints in architecture framework is not user friendly",Architecture Framework,
539548,"Papyrus","Core","mdt-papyrus-inbox","NEW"," ---","2020-12-10 08:18:30"," remove deprecated method DefaultXtextDirectEditorConfiguration.createInvalidStringCommand",Xtext,API,deprecated,
539843,"Papyrus","Core","mdt-papyrus-inbox","NEW"," ---","2018-10-08 05:10:03"," Diagram/Table creation not possible if URI is not a platform URI",AF,Customization,
539970,"Papyrus","Core","mdt-papyrus-inbox","NEW"," ---","2018-10-09 11:21:15"," folder in the wrong place",Architecture Framework,
540302,"Papyrus","Core","mdt-papyrus-inbox","NEW"," ---","2019-07-05 03:03:22"," The page manager must be clean and refactored",PageManager,
540821,"Papyrus","Core","mdt-papyrus-inbox","NEW"," ---","2020-12-10 08:19:07","Remove deprecated class org.eclipse.papyrus.uml.tools.providers.ProfileLabelProvider",Remove Deprecated,Refactoring,
540823,"Papyrus","Core","mdt-papyrus-inbox","NEW"," ---","2020-12-10 08:20:05"," Remove deprecated classes about Observable in plugin oep.uml.tools",Remove Deprecated,Refactoring,
540875,"Papyrus","Core","mdt-papyrus-inbox","NEW"," ---","2020-12-10 08:20:31"," org.eclipse.papyrus.uml.tools.databinding.OwnedAttributeHelper.getFeatureForType(Type)",Refactoring,Remove Deprecated method,
540984,"Papyrus","Core","mdt-papyrus-inbox","NEW"," ---","2020-12-10 08:20:48"," CreateActionLocalConditionViewCommand deprecated constructor should be removed",API,
540985,"Papyrus","Core","mdt-papyrus-inbox","NEW"," ---","2020-12-10 08:21:01"," TreeNattableModelManager#getWidthSliderComposite method should be removed",API,
541231,"Papyrus","Core","mdt-papyrus-inbox","NEW"," ---","2019-03-08 04:35:11"," impossible to create UML element due to a bad configuation of an element type.",ElementTypeConfiguration,
541234,"Papyrus","Core","mdt-papyrus-inbox","NEW"," ---","2018-11-16 08:53:33"," problem due a lack of matcher for a specialized elementType",ElementTypeConfiguration,
543303,"Papyrus","Core","mdt-papyrus-inbox","NEW"," ---","2019-03-25 05:57:41","Opens a Papyrus Model can throw Cannot modify resource set without a write transaction",OpenModel,
543580,"Papyrus","Core","mdt-papyrus-inbox","NEW"," ---","2019-01-18 09:54:26"," Papyrus does not properly support multiple XText editors for UML Elements on Diagram",TextEditors,
543586,"Papyrus","Core","mdt-papyrus-inbox","NEW"," ---","2020-12-10 08:25:56"," Remove the 'RemoveOrphanViewPolicy'",DeploymentDiagram,
543839,"Papyrus","Core","mdt-papyrus-inbox","NEW"," ---","2019-01-25 10:15:55"," handle default values when setting multiplicities",Property view,
544003,"Papyrus","Core","mdt-papyrus-inbox","NEW"," ---","2019-03-07 10:47:38","Import From User Model doesn't work",,
544168,"Papyrus","Core","mdt-papyrus-inbox","NEW"," ---","2019-03-07 10:29:31"," Missing stereotypes are not applied when we reopen a model",Profile,
544169,"Papyrus","Core","mdt-papyrus-inbox","NEW"," ---","2019-02-06 04:24:41"," The decoration model file must be included in the DiView",DecorationModel,
544171,"Papyrus","Core","mdt-papyrus-inbox","NEW"," ---","2019-02-08 04:15:21"," ControlMode doesn't create new xxx.profileapp.uml when the initial model use the DecorationModel feature",DecorationModel,
544173,"Papyrus","Core","mdt-papyrus-inbox","NEW"," ---","2019-02-06 05:00:00"," There is no way to reload or reintegrate an externalized profile application.",DecorationModel,ExternalizeProfileApplication,
544269,"Papyrus","Core","mdt-papyrus-inbox","NEW"," ---","2019-02-08 04:45:59"," ProfileApplication tagged ""duplicatedProfile"" must be read-only",ControlMode,Profile,
544270,"Papyrus","Core","mdt-papyrus-inbox","NEW"," ---","2019-02-08 04:52:20"," Applied profiles in a controlled model is not propagated to subresource",Profile,ControlMode,
544367,"Papyrus","Core","mdt-papyrus-inbox","NEW"," ---","2019-02-12 04:40:52"," Unused messages definitions in console",NLS,
544879,"Papyrus","Core","mdt-papyrus-inbox","NEW"," ---","2019-02-27 09:56:01"," The question mark ? is always displayed on the root of the DiView",ProjectExplorer,OneFile,
544882,"Papyrus","Core","mdt-papyrus-inbox","NEW"," ---","2020-12-10 08:26:19"," oep.uml.diagram.wizard must be refactored",Refactoring,
545404,"Papyrus","Core","mdt-papyrus-inbox","NEW"," ---","2019-03-14 09:41:48"," Satisfied link can't be created but no error are displayed",AF,Table,Matrix,SysML,
545660,"Papyrus","Core","mdt-papyrus-inbox","NEW"," ---","2020-12-10 08:26:35"," default name for creation is not uniformized",Table,Diagram,
545749,"Papyrus","Core","mdt-papyrus-inbox","NEW"," ---","2019-03-25 09:46:12","Move elements in a library doesn't work properly",,
546036,"Papyrus","Core","mdt-papyrus-inbox","NEW"," ---","2019-04-02 05:01:01","StereotypeCommentLink and StereotypeConstraint seems recreated after each diagram edition",,
546433,"Papyrus","Core","mdt-papyrus-inbox","NEW"," ---","2020-12-10 08:27:16"," Remove the deprecated methods from ClassLoaderHelper",API,
546595,"Papyrus","Core","mdt-papyrus-inbox","NEW"," ---","2019-09-09 03:30:59","org.eclipse.papyrus.infra.core.sasheditor shall have a list of implemented usecases",,
546644,"Papyrus","Core","mdt-papyrus-inbox","NEW"," ---","2019-05-09 09:37:10"," Clean code : The plugin org.eclipse.papyrus.core.sasheditor contains several classes duplicated from Eclipse.",SashEditor,
546747,"Papyrus","Core","mdt-papyrus-inbox","NEW"," ---","2019-05-09 05:33:57"," A missing target in an advice binding is not detected by validation",Element types,
547253,"Papyrus","Core","mdt-papyrus-inbox","NEW"," ---","2019-05-20 09:20:38"," Add a better API linked to use case for the pluginorg.eclipse.papyrus.infra.core.sasheditor",papyrusCore,
547321,"Papyrus","Core","mdt-papyrus-inbox","NEW"," ---","2019-05-15 08:37:34"," papyrus.infra.ui shall split into several sub-plugins",Papyrus Core,
547391,"Papyrus","Core","mdt-papyrus-inbox","NEW"," ---","2019-05-16 10:17:32","org.eclipse.papyrus.infra.core.sasheditor.multipage.editor.MultiPageEditor shoud be removed",,
547392,"Papyrus","Core","mdt-papyrus-inbox","NEW"," ---","2019-05-16 10:20:10","org.eclipse.papyrus.example.core.sashwindows.simpleeditor sould be removed",,
547395,"Papyrus","Core","mdt-papyrus-inbox","NEW"," ---","2020-12-10 08:28:05","org.eclipse.papyrus.infra.core.sasheditor.editor shall be internal but friendly with org.eclipse.papyrus.editor",,
548005,"Papyrus","Core","mdt-papyrus-inbox","NEW"," ---","2019-06-06 09:46:48"," graphical elementtypes generator bug",ElementTypes,
548692,"Papyrus","Core","mdt-papyrus-inbox","NEW"," ---","2019-06-27 03:19:41"," Remove deprecated HelperAdvices",ElementTypes,
548997,"Papyrus","Core","mdt-papyrus-inbox","NEW"," ---","2020-12-10 08:41:07"," The method allPages of the PageManager must be improved. The method isPage must be accessible.",PageManager,
550359,"Papyrus","Core","mdt-papyrus-inbox","NEW"," ---","2019-09-18 11:15:40"," Create a view to visualize the available architectures in the instance",AF,
550567,"Papyrus","Core","mdt-papyrus-inbox","NEW"," ---","2019-09-17 08:44:13"," Diagrams and tables should be visible even if its viewpoint is not enable",AF,
550568,"Papyrus","Core","mdt-papyrus-inbox","NEW"," ---","2019-09-18 03:55:38"," The diagrams and tables icons of disabled viewpoint should be grayed",AF,
550569,"Papyrus","Core","mdt-papyrus-inbox","NEW"," ---","2019-09-18 09:51:01"," Double-click on diagrams and tables icons of disabled viewpoint should open a dialog to enable viewpoint",AF,
550902,"Papyrus","Core","mdt-papyrus-inbox","NEW"," ---","2019-11-08 05:41:14"," The papyrus embedded documentation must be the same than the documentation on the wiki",Doc,
552006,"Papyrus","Core","mdt-papyrus-inbox","NEW"," ---","2019-10-10 11:34:36"," The copy paste of the resource set change the notation serialization",Copy/Paste,
552081,"Papyrus","Core","mdt-papyrus-inbox","NEW"," ---","2019-10-14 08:15:00"," The test visualizePropertyThatIsAssociationEnd_bug478558 should not be marked as failing tests",Tests,
553875,"Papyrus","Core","mdt-papyrus-inbox","NEW"," ---","2019-12-12 11:02:16"," - Unsafe execution of OCL rules contributed through the ""validationHooks"" extension point",Validation,
553878,"Papyrus","Core","mdt-papyrus-inbox","NEW"," ---","2019-12-12 11:02:28"," - Invalid internationalization preference model URI",Internationalization,
559799,"Papyrus","Core","mdt-papyrus-inbox","NEW"," ---","2021-02-25 09:11:46"," No Member Ends on Association",Properties view,
559862,"Papyrus","Core","mdt-papyrus-inbox","NEW"," ---","2021-02-25 09:21:09"," NPE after closing a referenced model",Model Explorer,
561667,"Papyrus","Core","mdt-papyrus-inbox","NEW"," ---","2020-06-16 09:41:15"," Copy/cut paste loses the reference(association) value of stereotype application",Copy/Paste,
561870,"Papyrus","Core","mdt-papyrus-inbox","NEW"," ---","2020-04-07 11:38:08","Custom editor no longer opens in Papyrus multi-editor page that used to work in 4.4",,
561944,"Papyrus","Core","mdt-papyrus-inbox","NEW"," ---","2021-02-25 09:56:37","Information flows remain after their end elements have been deleted",,
562217,"Papyrus","Core","mdt-papyrus-inbox","NEW"," ---","2020-04-16 09:36:22","Papyrus shall expose an API for the Model Set in papyrus.infra.core",,
562218,"Papyrus","Core","mdt-papyrus-inbox","NEW"," ---","2020-04-16 09:46:59","papyrus core shall shall the alone plugin be able to create Service registry",,
562228,"Papyrus","Core","mdt-papyrus-inbox","NEW"," ---","2020-04-16 11:58:31","Generator of DI elementtypes seems to fail",,
564431,"Papyrus","Core","mdt-papyrus-inbox","NEW"," ---","2020-06-18 10:36:07"," CommandStackListener received event from other loaded model",Core,Table,
564432,"Papyrus","Core","mdt-papyrus-inbox","NEW"," ---","2020-12-10 08:38:11"," Make CTRL-C in the ModelExplorer generates a stack event",Core,Copy,ModelExplorer,
564956,"Papyrus","Core","mdt-papyrus-inbox","NEW"," ---","2020-12-10 08:29:47"," Service not found Exception -> ModelExplorer lost when we are working with 2 Papyrus editors open",Core,ModelExplorer,
564957,"Papyrus","Core","mdt-papyrus-inbox","NEW"," ---","2020-12-10 08:30:22"," NPE when editing 2 dependent models",Core,ControlMode,
564958,"Papyrus","Core","mdt-papyrus-inbox","NEW"," ---","2020-12-10 08:33:12","Resource Locked Exception",,
566809,"Papyrus","Core","mdt-papyrus-inbox","NEW"," ---","2020-09-10 08:24:55"," customization about model explorer shall be added",Documentation,
568852,"Papyrus","Core","mdt-papyrus-inbox","NEW"," ---","2020-11-17 09:18:31"," Advice binding should be able to target multiple element-types",Element Types,
568968,"Papyrus","Core","mdt-papyrus-inbox","NEW"," ---","2020-11-19 15:13:13","UMLDiagnostician.validate does not respect the EMF API",,
569222,"Papyrus","Core","mdt-papyrus-inbox","NEW"," ---","2020-11-26 09:59:59"," Analyse if Alf could be optional",REFACTORING,
569956,"Papyrus","Core","mdt-papyrus-inbox","NEW"," ---","2021-02-25 09:58:23","no BigDecimal within ModelLibrary ""JavaLibrary""",,
570402,"Papyrus","Core","mdt-papyrus-inbox","NEW"," ---","2021-02-25 10:35:01","Documentation improvement for Generating Static Profiles page in Papyrus Guide",,
570405,"Papyrus","Core","mdt-papyrus-inbox","NEW"," ---","2021-02-25 10:51:56","Static profile saving/dynamic definition pop up",,
571501,"Papyrus","Core","mdt-papyrus-inbox","NEW"," ---","2021-02-25 06:14:43","Copy/Past with specific character crash the model",,
512944,"Papyrus","Core","mickael.adam29","NEW"," ---","2018-09-14 11:19:44"," An adviceBindingConfiguration should exist to set cssClass notation attribute.",ElementTypes,
535514,"Papyrus","Core","quentin.lemenez","NEW"," ---","2018-06-04 07:44:29"," Papyrus RCPs' contained features should be updatable through the classic installer",RCP,
537141,"Papyrus","Core","quentin.lemenez","NEW"," ---","2020-12-10 08:40:46"," Papyrus should rewire its dependencies to the CSSXMLEngineImpl and related classes",CSS,
366410,"Papyrus","Core","sebastien.gerard","NEW"," ---","2017-05-11 11:06:02"," Operations provided by ports of the receiving lifeline not shown in predefined message dialog",SequenceDiagram,
531911,"Papyrus","Core","vincent.lorenzo","NEW"," ---","2018-03-02 04:10:44"," The generated xtext class extending the Papyrus class UmlCommonSemanticSequencer doesn't compile",Xtext,
544185,"Papyrus","Core","vincent.lorenzo","NEW"," ---","2019-09-09 03:30:16"," UML Element Type preference for stereotype location must be removed",Preference,
569002,"Papyrus","Core","vincent.lorenzo","NEW"," ---","2020-12-10 08:33:54"," the EMFFacet Customization file can't be declared for Profile environment in the architecture file",Architecture,Customization,
551740,"Papyrus","Core","give.a.damus","ASSIGNED"," ---","2021-02-02 10:25:09"," we must check that all representation are referenced by a viewpoint",AF,validation,
570486,"Papyrus","Core","give.a.damus","ASSIGNED"," ---","2021-02-10 13:15:34"," Architecture model shall clearly define merge and inherit concepts",Architecture,
571630,"Papyrus","Core","give.a.damus","ASSIGNED"," ---","2021-03-02 16:23:43"," InvariantStereotypeRule never asked to approve requests",Element Types,
571713,"Papyrus","Core","give.a.damus","ASSIGNED"," ---","2021-03-04 16:31:45"," Empty drop-down menus can appear",New Child,
571715,"Papyrus","Core","give.a.damus","ASSIGNED"," ---","2021-03-04 19:51:59"," Duplicate drop-down menus can appear",New Child,
336115,"Papyrus","Core","ansgar.radermacher","ASSIGNED"," ---","2017-08-02 13:22:44"," Validation icon marks are not refreshed for Live constraints",Validation,
353416,"Papyrus","Core","ansgar.radermacher","ASSIGNED"," ---","2017-08-02 11:41:24"," Specific drop action (Class on StructuredClassifier)  - different (and incorrect) behavior in 0.7 and 0.8 version",CompositeDiagram,
359820,"Papyrus","Core","ansgar.radermacher","ASSIGNED"," ---","2017-08-02 11:41:38"," Default multiplicity of ConnectorEnd",CompositeDiagram,
365887,"Papyrus","Core","ansgar.radermacher","ASSIGNED"," ---","2017-09-04 11:43:38"," The defered triggers are not displayed into a state.",StateMachineDiagram,
397729,"Papyrus","Core","ansgar.radermacher","ASSIGNED"," ---","2013-06-12 16:56:46"," Incorrect Junction substate validation rule",Validation,
399879,"Papyrus","Core","ansgar.radermacher","ASSIGNED"," ---","2013-03-19 06:18:15"," Papyrus shall enable to navigate between the model and its execution traces",Trace,
434702,"Papyrus","Core","ansgar.radermacher","ASSIGNED"," ---","2017-08-02 13:12:12"," Errors in Documentation",OCL,
438032,"Papyrus","Core","ansgar.radermacher","ASSIGNED"," ---","2014-06-24 08:08:22"," The validation service within Papyrus is not a Papyrus service",Validation,
465575,"Papyrus","Core","ansgar.radermacher","ASSIGNED"," ---","2017-02-09 04:32:05"," Shapes not scaled properly in diagrams exported as PDF or SVG",Export Diagram,
483308,"Papyrus","Core","ansgar.radermacher","ASSIGNED"," ---","2017-08-02 13:20:54"," Improve InstanceSpecification Validation",UMLValidation,
483542,"Papyrus","Core","ansgar.radermacher","ASSIGNED"," ---","2016-03-04 11:24:20"," Papyrus needs test cases for common validation tasks",Validation,
512428,"Papyrus","Core","ansgar.radermacher","ASSIGNED"," ---","2017-08-02 13:11:11"," Inconsistent editing/validation OCLs",OCL,
570945,"Papyrus","Core","ansgar.radermacher","ASSIGNED"," ---","2021-02-19 08:41:00"," EMF Validation preferences are missing",Validation,
536048,"Papyrus","Core","benoit.maggi","ASSIGNED"," ---","2020-12-10 08:15:55"," Test that model are valid",Core,
487490,"Papyrus","Core","cletavernier","ASSIGNED"," ---","2017-11-06 10:45:31"," [Facet] Associations in Model Explorer are not collected together in a folder (Simple UML Facet)",Model Explorer,Facet,
544476,"Papyrus","Core","cletavernier","ASSIGNED"," ---","2019-02-15 07:19:34"," Support Optional Enums & Primitives",Properties - Profile,
571560,"Papyrus","Core","give.a.damus","ASSIGNED"," ---","2021-02-27 10:19:22"," Not rule does not contain its operand",Element Types,
571561,"Papyrus","Core","give.a.damus","ASSIGNED"," ---","2021-02-27 10:19:24"," Simple rule configuration refactorings",Element Types,
571881,"Papyrus","Core","give.a.damus","ASSIGNED"," ---","2021-03-11 08:29:43"," Model creation sets architecture context too late",Architecture,
506289,"Papyrus","Core","mdt-papyrus-inbox","ASSIGNED"," ---","2017-11-06 10:47:37"," Facet Custom File : missing entries when opened in the Reflective Editor",Facet,
539360,"Papyrus","Core","mdt-papyrus-inbox","ASSIGNED"," ---","2018-09-24 03:31:01"," Remove deprecated method findSubstereotypes in UMLUtil",UML utilities,
541707,"Papyrus","Core","mdt-papyrus-inbox","ASSIGNED"," ---","2020-12-10 08:24:35"," Remove management of old DirectEditor extension point from DirectEditorExtensionPoint",API,
446157,"Papyrus","Core","melaasar","ASSIGNED"," ---","2018-06-27 02:50:19"," Papyrus should ensure compatibility between viewpoints",AFViewpoints,
482557,"Papyrus","Core","melaasar","ASSIGNED"," ---","2020-12-10 08:11:28"," Add and use id field in the meta model",Expansion,
528708,"Papyrus","Core","melaasar","ASSIGNED"," ---","2020-12-10 08:12:05"," Allow local references in Architecture Model Editor",AFViewpoints,
534351,"Papyrus","Core","melaasar","ASSIGNED"," ---","2020-12-10 08:12:49"," Listener : have a better API listener  to change a context an view point: When a model is opened for the first time this listener must be notified",AFViewpoints,
550390,"Papyrus","Core","nifauvergue","ASSIGNED"," ---","2021-01-05 13:28:17"," A validation of Architecture framework plug-in definition can be available",Toolsmiths,AF,
550510,"Papyrus","Core","nifauvergue","ASSIGNED"," ---","2019-09-17 05:54:36"," The documentation concerning switch of architecture viewpoint should be modified",AF,Doc,
550535,"Papyrus","Core","nifauvergue","ASSIGNED"," ---","2019-09-17 05:59:26"," When switch viewpoints the editors not managed by current viewpoints must be closed",AF,
320860,"Papyrus","Core","Patrick.Tessier","ASSIGNED"," ---","2017-08-02 11:38:37"," Cannot delete association or dependency branch after delete from diagram",ClassDiagram,
322998,"Papyrus","Core","Patrick.Tessier","ASSIGNED"," ---","2015-06-26 15:27:26"," Inconsistent drop of Constraint from explorer to diagram",All Diagrams,
324620,"Papyrus","Core","Patrick.Tessier","ASSIGNED"," ---","2013-06-17 05:51:37"," Stereotype display on a label",All diagrams,
330888,"Papyrus","Core","Patrick.Tessier","ASSIGNED"," ---","2017-08-02 11:41:28"," Papyrus Class Diagram Editor shall support qualified association",ClassDiagram,
343109,"Papyrus","Core","Patrick.Tessier","ASSIGNED"," ---","2013-04-01 06:21:24"," Properties ""is stream"" and ""is exception"" should appear on the graphical part of an activity parameter node",ActivityDiagram,
349925,"Papyrus","Core","Patrick.Tessier","ASSIGNED"," ---","2017-08-02 11:37:27"," Bad stereotype representation refresh",ClassDiagram,
349926,"Papyrus","Core","Patrick.Tessier","ASSIGNED"," ---","2017-08-02 11:37:07"," Shape Stereotype representation seem to have incorrect default appearance properties",ClassDiagram,
353718,"Papyrus","Core","Patrick.Tessier","ASSIGNED"," ---","2014-11-20 13:14:29"," Problem of color notification for linkLabelEditPart",All Diagrams,
360831,"Papyrus","Core","Patrick.Tessier","ASSIGNED"," ---","2017-09-11 09:28:09"," Change color (text or line) doesn't work correctly",All Diagrams,Comment,
361082,"Papyrus","Core","Patrick.Tessier","ASSIGNED"," ---","2017-08-02 11:40:40"," In class diagram the substitution relationship shown without substitute",ClassDiagram,
385932,"Papyrus","Core","Patrick.Tessier","ASSIGNED"," ---","2017-08-07 10:56:55"," UML Primitive Types are greyed out but selectable",UMLPropertiesView,
391220,"Papyrus","Core","Patrick.Tessier","ASSIGNED"," ---","2017-08-02 13:22:29"," Check and fix plug-in names",Validation,
397461,"Papyrus","Core","Patrick.Tessier","ASSIGNED"," ---","2013-03-19 15:17:22","Cannot constrain stereotyped element",,
399253,"Papyrus","Core","Patrick.Tessier","ASSIGNED"," ---","2017-08-02 13:13:00"," OCL bodies and initializers embedded within a UML Class Diagram are exported to Ecore",OCL,
399257,"Papyrus","Core","Patrick.Tessier","ASSIGNED"," ---","2017-08-02 13:12:54"," Improve the performance of the OCL code generator",OCL,
399611,"Papyrus","Core","Patrick.Tessier","ASSIGNED"," ---","2017-08-02 13:34:08"," Stereotype comment cannot be display on timing diagram",TimingDiagram,
400078,"Papyrus","Core","Patrick.Tessier","ASSIGNED"," ---","2017-08-02 13:12:48"," Improve OCL Constraint representation",OCL,
401181,"Papyrus","Core","Patrick.Tessier","ASSIGNED"," ---","2013-10-10 05:55:03"," The validation rules within the activity diagram cause null pointer exceptions on some models",Validation,
520679,"Papyrus","Core","quentin.lemenez","ASSIGNED"," ---","2017-09-27 12:09:26"," free space and processor time on HIPP",releng,
296164,"Papyrus","Core","rschnekenburger","ASSIGNED"," ---","2014-03-26 04:52:25"," Complete information on papyrus features",General,
309504,"Papyrus","Core","rschnekenburger","ASSIGNED"," ---","2017-08-03 05:20:25"," Stereotype graphical representation post action on ClassAssociation does not work",Palettes,
317170,"Papyrus","Core","rschnekenburger","ASSIGNED"," ---","2013-11-20 06:02:50"," Font color and line color of Comment element",All diagrams,
317556,"Papyrus","Core","rschnekenburger","ASSIGNED"," ---","2017-08-03 05:19:51"," Papyrus shall support a life cycle management for palettes",Palettes,
319662,"Papyrus","Core","rschnekenburger","ASSIGNED"," ---","2017-03-13 08:31:19"," Papyrus shall enable Copy/Paste between view editors and model explorer.",CopyPaste,
324966,"Papyrus","Core","rschnekenburger","ASSIGNED"," ---","2017-03-07 11:42:27"," Centralized element edit service provide command for model element deletion creation modification ...",ElementTypes,
329877,"Papyrus","Core","rschnekenburger","ASSIGNED"," ---","2013-10-10 06:19:25"," Papyrus shall provide a mean to model specific configurations of its content.",Extensibility,
330173,"Papyrus","Core","rschnekenburger","ASSIGNED"," ---","2013-10-10 06:21:06"," Papyrus shall support to configure its UI according to a given UI configuration model. a mean to model specific configurations of its content.",Extensibility,
344442,"Papyrus","Core","rschnekenburger","ASSIGNED"," ---","2017-08-03 05:18:08"," Update of the palette framework",Palettes,
374526,"Papyrus","Core","rschnekenburger","ASSIGNED"," ---","2013-10-10 06:29:43"," Papyrus shall enable to define and to apply specific rules related the naming of model elements.",Papyrus Genral,
374649,"Papyrus","Core","rschnekenburger","ASSIGNED"," ---","2013-01-31 17:10:54"," Papyrus graphical editors shall show scrollBars only when necessary",All Diagrams Editors,
394763,"Papyrus","Core","rschnekenburger","ASSIGNED"," ---","2017-08-02 11:41:14"," cannot apply stereotype on a message created from a customized palette",SequenceDiagram,
394898,"Papyrus","Core","rschnekenburger","ASSIGNED"," ---","2012-11-23 10:01:24"," Shapes should react to model modifications",All Diagrams,
394907,"Papyrus","Core","rschnekenburger","ASSIGNED"," ---","2017-08-07 09:10:38"," Papyrus shall display actors or element typed by actors with stickman symbol",Symbol,CommonDiagram,
395937,"Papyrus","Core","rschnekenburger","ASSIGNED"," ---","2013-10-10 06:54:17"," Papyrus shall provide a property page to manage shape decorations",All diagrams,
404094,"Papyrus","Core","rschnekenburger","ASSIGNED"," ---","2017-03-13 08:20:24"," of an association is incomplete if some of its ends are not owned by the association",CopyPaste,
405619,"Papyrus","Core","rschnekenburger","ASSIGNED"," ---","2013-05-23 10:39:40","The move of a diagram in model explorer is not well managed if the diagram's owners in source and target are not in the same resource.",,
424402,"Papyrus","Core","rschnekenburger","ASSIGNED"," ---","2014-05-28 09:09:36"," Runtime deployment of the element types shall be possible",Core,
424431,"Papyrus","Core","rschnekenburger","ASSIGNED"," ---","2014-04-29 09:23:53"," Deployment of Palettes should be possible at runtime",Core,
432828,"Papyrus","Core","rschnekenburger","ASSIGNED"," ---","2014-09-08 11:07:14"," Deployment of the palettes should be dependent of the required profiles",Core,
473342,"Papyrus","Core","rschnekenburger","ASSIGNED"," ---","2015-07-23 02:44:00"," Invariant Stereotypes types or subtypes should not accept creation request when the target container has not the correct profile applied",Core,
480663,"Papyrus","Core","rschnekenburger","ASSIGNED"," ---","2015-10-27 06:02:09"," Papyrus configuration resources shall be tested",Tests,
481927,"Papyrus","Core","rschnekenburger","ASSIGNED"," ---","2015-11-11 08:37:08"," UML label provider does not provide the right image for a given stereotyped element when the icon depends on an enumeration property",Core,
462861,"Papyrus","Core","sdirix","ASSIGNED"," ---","2016-11-11 05:16:16","Show conflicts marker on Papyrus model node if one contained resource has a conflict marker",,
493010,"Papyrus","Core","shuai.li","ASSIGNED"," ---","2016-10-17 09:12:41"," Ordering of popup menu commands",Model Explorer,
327438,"Papyrus","Core","vincent.lorenzo","ASSIGNED"," ---","2017-02-23 16:14:53"," Initial State for the actions",Menu Diagram,
396742,"Papyrus","Core","vincent.lorenzo","ASSIGNED"," ---","2017-08-07 11:18:06"," We should provide JUnit tests for the classes NameResolutionUtils and NameResolutionHelper",Tests,
543489,"Papyrus","Core","vincent.lorenzo","ASSIGNED"," ---","2020-12-10 08:25:04"," The stereotype application doesn't follow the stereotyped element.",ControlMode,SubPackage,
365405,"Papyrus","Core","ansgar.radermacher","REOPENED"," ---","2017-08-02 11:37:46"," Behaviours (Entryexitdo) on states should have their own mechanisms",StateMachineDiagram,
512554,"Papyrus","Core","ansgar.radermacher","REOPENED"," ---","2019-03-25 05:56:30"," No Disable Workspace Model Indexer facility",EMF,Performances,
354622,"Papyrus","Core","arthur.daussy","REOPENED"," ---","2017-09-05 02:45:32"," Object Flows selection prevent selecting other close elements.",ActivityDiagram,
399062,"Papyrus","Core","cedric.dumoulin","REOPENED"," ---","2017-08-18 11:43:36"," oep.infra.core.tests induce dependency cycle",Tests,
364608,"Papyrus","Core","Chokri.Mraidha","REOPENED"," ---","2017-08-02 11:38:57"," - Lifeline selection",SequenceDiagram,
543723,"Papyrus","Core","cletavernier","REOPENED"," ---","2019-05-13 04:15:50"," Improve the ClassLoaderHelper",Performances,
376976,"Papyrus","Core","mathieu.velten","REOPENED"," ---","2013-10-10 08:24:13"," Various bugfixes/improvements",Widgets,
305128,"Papyrus","Core","mdt-papyrus-inbox","REOPENED"," ---","2013-10-10 14:09:30"," Provide a feature to transform a model element to another",All Diagram,
318154,"Papyrus","Core","mdt-papyrus-inbox","REOPENED"," ---","2015-09-29 09:51:55"," Multiple exceptions ""Received wrong transfer data"" during drag&drop",All diagrams,
329558,"Papyrus","Core","mdt-papyrus-inbox","REOPENED"," ---","2014-06-12 08:01:37"," Multiple selection of several Features owned by different classifier",Usability,
376483,"Papyrus","Core","mdt-papyrus-inbox","REOPENED"," ---","2013-10-28 05:22:10","Interfaces and Class figures should show Receptions in ClassDiagram",,
394923,"Papyrus","Core","mdt-papyrus-inbox","REOPENED"," ---","2013-11-10 11:01:36","Too many mouse-clicks = mouse elbow warning!!!",,
447665,"Papyrus","Core","mdt-papyrus-inbox","REOPENED"," ---","2020-12-10 08:10:35"," Removing profiles definitions causing a profile definition",Profiles,
541400,"Papyrus","Core","mdt-papyrus-inbox","REOPENED"," ---","2020-01-15 05:13:46"," Deleting elements leads to dangling references",Architecture Framework,
569720,"Papyrus","Core","mdt-papyrus-inbox","REOPENED"," ---","2021-01-24 16:19:55","java.io.IOException: mark/reset not supported from org.eclipse.papyrus.infra.core.internal.language.DefaultLanguageProvider",,
549705,"Papyrus","Core","nifauvergue","REOPENED"," ---","2020-08-05 10:21:51"," The stereotype properties modified by properties view does not use the correct request",Properties View,
359963,"Papyrus","Core","Patrick.Tessier","REOPENED"," ---","2017-08-02 11:36:53"," Remove Scrollbar for compartment",CompositeDiagram,
302426,"Papyrus","Core","rschnekenburger","REOPENED"," ---","2020-04-27 12:41:57"," New action to modify graphical properties of the element view should be added",Palettes,CommonDiagram,
